median_income,housing_median_age,total_rooms,total_bedrooms,population,households,latitude,longitude,median_house_value
6.5563,47.0,2928.0,539.7,355.0,166.4,41.2976,-123.459,276207.73
14.3346,12.0,4653.0,1037.2,3649.0,1447.9,34.0361,-117.959,500001.0
11.3819,16.0,841.0,181.0,3893.0,1568.2,41.6754,-119.8078,444154.96
9.5819,24.0,5749.0,1348.5,1122.0,405.8,34.455,-116.3312,355417.03
3.6063,19.0,3274.0,717.8,3115.0,1291.5,39.5449,-122.1851,162958.49
3.6059,8.0,5791.0,1117.6,3150.0,1149.9,37.6934,-122.7721,132376.81
2.2841,31.0,3317.0,720.8,1809.0,556.9,40.9025,-120.2335,83331.47
13.1934,21.0,3161.0,561.2,3246.0,1150.4,37.7629,-114.7709,478501.99
9.6151,17.0,1732.0,312.9,3708.0,1117.1,37.5783,-117.0406,347976.76
11.059,23.0,4374.0,1001.2,1174.0,581.9,34.3569,-120.1013,378858.55
1.7779,37.0,2901.0,564.7,1430.0,705.2,34.0792,-119.0686,115286.12
14.5938,16.0,1994.0,458.3,2635.0,998.7,41.2066,-123.6158,500001.0
12.738,6.0,4711.0,1094.1,3751.0,1671.7,35.6145,-114.162,428384.88
4.3666,,1161.0,273.7,2014.0,743.5,36.0348,-117.5027,213830.53
3.9546,25.0,4383.0,,3134.0,1360.8,39.7183,-121.5033,169923.1
3.976,18.0,4119.0,795.4,1037.0,478.1,35.7188,-118.349,111481.79
5.6073,25.0,2368.0,430.7,2207.0,1080.0,41.5446,-123.3504,223498.8
8.5842,12.0,2834.0,590.1,1563.0,594.0,39.5103,-114.3587,312179.01
7.3313,15.0,3874.0,724.9,2587.0,1181.4,38.1756,-122.6648,324601.57
5.4316,26.0,1516.0,318.5,403.0,142.3,40.8685,-117.6957,178320.83
9.76,41.0,4906.0,1082.1,360.0,179.3,32.9713,-121.9227,373887.61
3.3832,,707.0,154.7,3811.0,1162.9,34.9421,-116.9656,212463.25
5.444,26.0,3165.0,593.3,591.0,248.6,36.9178,-116.3434,188059.3
6.4459,47.0,2993.0,498.9,968.0,418.1,34.6563,-117.4291,256894.98
7.6569,32.0,1132.0,218.5,3948.0,1727.7,39.5671,-118.0478,306352.96
12.0999,,2602.0,427.4,2822.0,914.5,41.2325,-115.1291,439841.37
4.1956,16.0,3459.0,826.7,2781.0,1356.3,36.5258,-123.6744,169816.69
8.4422,7.0,3583.0,661.4,1293.0,434.8,35.7503,-121.0254,312869.75
9.4976,17.0,5252.0,868.9,3140.0,1333.1,41.6347,-121.893,389797.03
2.1271,23.0,2431.0,370.8,604.0,208.1,36.7261,-114.1259,72793.58
9.7019,26.0,4219.0,905.3,807.0,291.7,37.146,-120.4114,294147.23
3.8021,21.0,3062.0,654.3,3946.0,1615.1,35.8407,-116.8076,172495.51
2.3782,22.0,2179.0,401.1,1814.0,695.6,41.1407,-117.3104,116255.67
14.31,7.0,736.0,115.7,1740.0,577.8,37.9051,-122.2731,500001.0
14.536,14.0,4943.0,943.9,3075.0,1027.6,39.7407,-121.9905,500001.0
12.4134,15.0,5225.0,946.4,3391.0,1300.9,40.2122,-121.5465,460638.07
5.6123,7.0,2040.0,444.1,2037.0,919.6,35.7476,-120.1832,251424.01
2.8186,9.0,4443.0,935.6,889.0,426.4,36.6201,-122.0396,101841.29
10.7371,51.0,5867.0,1094.0,3959.0,1254.3,40.5605,-124.2937,411614.41
7.4421,48.0,863.0,148.3,3149.0,1192.3,35.9509,-115.2664,312739.71
3.1475,8.0,2868.0,713.6,1440.0,460.9,40.0424,-114.3611,101924.44
8.1849,50.0,785.0,153.4,2303.0,698.5,41.4394,-120.9135,379995.41
1.9642,23.0,648.0,141.8,565.0,244.3,38.4205,-120.9457,84914.28
13.7758,29.0,5703.0,935.6,1922.0,808.2,39.5455,-124.4255,500001.0
4.9935,18.0,4537.0,900.9,3775.0,1255.6,40.1484,-117.3574,184874.98
10.4441,31.0,5051.0,771.6,654.0,226.8,40.5279,-115.8329,409988.9
5.7081,30.0,2266.0,,303.0,92.3,36.253,-122.9606,263551.71
8.5209,39.0,5395.0,1329.3,276.0,128.9,32.987,-122.8235,304520.27
8.8806,,5780.0,1089.1,429.0,212.3,36.3178,-116.2041,320848.21
3.9955,18.0,1512.0,232.7,2137.0,699.0,38.9007,-118.0289,167784.35
14.5894,42.0,3331.0,510.0,3529.0,1222.1,36.7783,-124.029,500001.0
11.9643,39.0,3007.0,567.7,3535.0,1674.5,39.6151,-117.9633,498392.12
14.1832,17.0,2023.0,335.8,2578.0,1251.1,35.8913,-121.2564,500001.0
13.5802,14.0,3285.0,500.4,1405.0,539.4,38.5301,-120.6284,500001.0
9.5716,31.0,3056.0,689.5,1092.0,338.7,34.271,-116.4178,330801.92
13.9453,24.0,4225.0,827.5,1773.0,545.9,39.619,-115.9852,490255.41
2.6946,35.0,5076.0,908.2,2935.0,1217.4,37.6841,-120.2963,122658.31
4.1458,44.0,2101.0,504.3,2274.0,860.9,34.4386,-114.5549,212413.26
2.1106,45.0,2908.0,470.0,3547.0,1084.4,35.2732,-120.2321,116881.02
5.892,34.0,840.0,206.3,1875.0,781.2,39.6118,-116.3957,299056.82
6.7471,3.0,3317.0,601.7,498.0,150.5,37.0847,-119.4193,239341.71
5.1632,37.0,2996.0,715.6,1156.0,528.8,34.5523,-115.0759,171175.28
12.688,43.0,5430.0,1141.9,3046.0,1100.5,41.6891,-114.9685,472242.28
6.3162,40.0,5799.0,1349.3,1314.0,404.8,39.2937,-123.5821,207821.58
5.2926,26.0,2225.0,552.7,2727.0,1139.0,41.5928,-114.6668,163387.97
8.8264,23.0,2189.0,391.5,2820.0,1070.3,36.5575,-115.8319,385150.4
3.4025,44.0,3767.0,927.1,2705.0,1338.3,37.0135,-116.1912,179084.55
12.3297,39.0,4906.0,927.0,1674.0,684.4,41.0306,-122.3904,471433.2
2.5064,15.0,761.0,143.5,564.0,200.2,37.488,-116.0462,105370.31
14.823,49.0,1942.0,357.4,3106.0,1372.5,39.2191,-115.5736,500001.0
11.9253,,905.0,184.7,1898.0,672.5,34.8956,-121.4639,420160.61
4.1827,29.0,2690.0,445.0,550.0,264.5,36.7439,-114.5013,188673.43
1.5745,22.0,4937.0,1013.9,3926.0,1472.0,33.6728,-123.9765,56726.78
12.5087,25.0,5935.0,1211.8,3671.0,1505.0,34.4568,-122.926,401407.11
11.0426,13.0,743.0,168.1,2500.0,775.3,32.509,-118.8554,404783.08
11.3416,18.0,5085.0,1186.7,3028.0,1166.5,32.873,-118.4542,402841.67
11.9121,33.0,4607.0,,2104.0,981.5,41.7842,-117.7259,450287.02
2.4996,16.0,1060.0,191.0,3050.0,1406.4,34.8024,-124.3218,150340.07
6.3393,45.0,4637.0,815.8,1211.0,417.6,38.8015,-114.4161,266316.92
3.0642,42.0,3225.0,546.5,2706.0,934.2,40.4714,-124.0318,158729.19
13.1519,44.0,1093.0,170.3,3970.0,1839.9,37.7313,-122.9978,500001.0
9.9145,2.0,2326.0,428.6,3164.0,1538.0,33.9549,-124.3528,340647.13
5.9671,35.0,3729.0,660.1,698.0,222.7,39.4171,-118.548,240387.97
2.358,42.0,3787.0,934.0,1149.0,448.1,38.2024,-114.7112,115173.87
5.6983,34.0,4573.0,941.0,2194.0,806.3,39.4469,-117.5076,191265.83
5.89,30.0,633.0,116.9,2246.0,1064.9,39.8126,-115.8621,217351.12
11.3497,13.0,3638.0,,707.0,223.9,41.7664,-124.3605,374639.97
10.107,13.0,4419.0,724.4,1527.0,522.6,37.9489,-118.8088,346107.65
13.4774,18.0,5543.0,1077.6,2748.0,1238.0,35.7456,-119.6746,500001.0
7.8749,32.0,572.0,121.6,3050.0,946.3,38.6604,-119.2608,304925.73
3.1145,32.0,4994.0,993.3,2845.0,1133.8,33.1502,-123.7418,116829.37
11.1288,35.0,4725.0,898.6,365.0,141.8,41.0253,-117.3134,384436.01
11.7706,39.0,3478.0,867.4,3686.0,1352.3,33.6341,-119.2162,478356.34
9.0772,46.0,4861.0,1157.1,2709.0,1026.5,35.6145,-116.4659,346657.39
11.9081,29.0,2485.0,527.7,1119.0,454.3,40.2496,-119.4044,432933.42
8.1662,49.0,1292.0,267.4,313.0,104.0,38.1745,-122.9315,317854.15
8.5569,29.0,5908.0,1252.9,3704.0,1534.9,36.2395,-117.6933,360528.5
7.2718,44.0,4759.0,,1191.0,549.2,36.9976,-122.6899,268388.74
1.8432,16.0,594.0,112.6,3627.0,1639.5,40.6182,-115.3399,149471.31
2.9565,44.0,1633.0,,2151.0,711.5,35.73,-118.0623,156579.65
1.9243,47.0,5417.0,1070.2,3966.0,1308.2,40.7617,-122.8494,105830.68
10.0915,10.0,737.0,150.6,2454.0,867.8,33.3373,-114.3955,441009.49
5.7438,30.0,3446.0,595.4,1458.0,542.7,39.8796,-119.0572,199467.77
8.3657,25.0,3030.0,746.6,3713.0,1417.2,40.5517,-123.7346,316868.04
13.7521,39.0,2460.0,592.7,3626.0,1580.7,34.2273,-117.9183,500001.0
4.8654,20.0,1548.0,344.0,714.0,222.3,36.5883,-121.8414,205883.56
7.0402,5.0,3029.0,615.9,1431.0,439.2,34.0722,-116.0612,287299.71
11.6999,1.0,3464.0,821.0,908.0,343.6,39.2127,-115.9129,436809.25
4.5888,30.0,1463.0,238.6,3396.0,1492.3,37.5858,-114.2211,248570.04
2.5392,49.0,1036.0,237.3,2385.0,807.8,38.5356,-119.2304,135910.71
5.4116,3.0,4723.0,767.4,538.0,230.4,34.3666,-119.723,173758.17
3.6765,45.0,4179.0,958.8,2784.0,979.9,34.5116,-116.5885,119683.45
14.0509,,4687.0,832.3,267.0,127.4,32.8942,-123.1091,500001.0
12.4096,30.0,4224.0,,1796.0,860.5,35.5596,-118.7574,463201.13
10.051,50.0,1042.0,254.7,1764.0,634.1,37.8176,-118.7644,387455.38
13.2647,4.0,1345.0,221.8,582.0,201.4,40.6504,-123.5605,500001.0
12.3496,18.0,4103.0,805.3,218.0,83.3,38.8358,-120.1112,404630.64
4.0187,37.0,3536.0,877.3,2930.0,1020.0,36.6363,-115.5405,178974.59
13.5495,25.0,2994.0,593.8,3721.0,1616.7,41.5546,-115.5104,500001.0
8.7811,48.0,4985.0,1178.2,2321.0,1079.8,39.3328,-123.458,355470.49
12.4004,1.0,3219.0,672.4,772.0,335.5,41.3366,-123.5474,424224.76
13.5972,46.0,2384.0,,3186.0,1481.1,37.5121,-121.7417,500001.0
5.793,15.0,4638.0,828.2,3936.0,1493.3,34.9596,-115.315,235351.1
2.9857,9.0,4849.0,825.9,1499.0,496.6,33.0019,-123.1465,132770.41
4.5771,15.0,3701.0,837.1,3319.0,1485.6,39.3978,-116.94,186047.93
7.266,49.0,5679.0,1071.4,2458.0,914.6,33.6524,-123.4378,310235.27
12.5432,24.0,3210.0,645.6,3102.0,1347.1,35.3764,-117.9571,450050.46
13.1199,4.0,2453.0,488.7,2143.0,758.9,37.5585,-120.7613,468048.75
1.5939,12.0,5237.0,1087.9,850.0,268.8,37.862,-116.2164,50000.0
8.3951,37.0,4350.0,1029.0,1845.0,919.8,38.2055,-122.0463,336304.2
7.135,37.0,1189.0,295.0,1193.0,395.2,34.0794,-117.7884,280780.08
4.4985,43.0,5872.0,1120.1,2942.0,1464.2,36.1075,-122.0253,220492.72
3.1182,6.0,2450.0,,2787.0,1380.8,38.3633,-117.0066,160718.11
6.0578,39.0,5675.0,1285.1,3980.0,1825.9,41.7133,-115.3264,271449.03
14.2293,46.0,956.0,198.2,3462.0,1495.2,39.4125,-123.1686,500001.0
5.8632,24.0,5578.0,1370.0,1538.0,639.1,41.2647,-115.4007,174946.93
8.5037,11.0,2630.0,447.2,1100.0,520.5,39.741,-118.2675,310563.95
10.9908,13.0,4476.0,720.3,3834.0,1372.1,38.1213,-123.1653,401610.13
6.409,34.0,5718.0,1346.0,1884.0,741.4,34.3242,-120.0108,222678.28
14.6191,25.0,4744.0,919.9,3027.0,1283.1,38.8335,-122.811,500001.0
14.493,7.0,5948.0,1396.0,1785.0,682.3,38.4221,-117.1463,465198.2
4.8991,4.0,1679.0,401.8,2123.0,818.4,38.2235,-116.5319,134345.0
8.2129,8.0,4785.0,747.6,1981.0,725.2,37.153,-123.3891,281482.31
5.5619,20.0,4065.0,968.9,1336.0,551.6,37.5222,-119.1855,201255.45
5.3453,29.0,1382.0,269.3,2417.0,1136.3,35.6772,-115.9464,199283.85
1.998,51.0,899.0,180.7,3739.0,1272.4,37.4335,-114.6703,137273.33
9.7291,45.0,1108.0,,3949.0,1922.7,34.3768,-119.1081,467567.99
8.2862,46.0,2138.0,518.8,2144.0,938.7,40.1492,-114.5221,361016.65
2.195,10.0,2648.0,402.3,1237.0,574.8,34.2649,-118.8753,133808.48
5.2617,43.0,1882.0,372.0,1938.0,797.0,33.3072,-120.361,239179.94
13.7616,34.0,1903.0,416.3,487.0,222.0,36.6443,-115.5939,500001.0
4.7341,26.0,1319.0,293.2,2436.0,738.7,38.7539,-119.3237,177618.91
3.4561,41.0,3792.0,831.4,3161.0,1465.7,36.6583,-119.545,152692.31
8.1076,49.0,1319.0,215.6,3426.0,1055.3,35.1292,-119.3517,275110.92
14.8063,3.0,919.0,165.4,1790.0,855.6,37.8026,-115.6088,500001.0
4.7677,6.0,4719.0,877.1,2941.0,1465.8,35.7965,-115.7646,228009.0
10.5738,5.0,5017.0,1156.1,1945.0,697.9,41.3622,-120.263,344579.57
11.7819,5.0,3802.0,676.3,3135.0,1072.4,41.2651,-121.0004,421113.34
4.7081,47.0,2008.0,343.5,2718.0,1231.5,37.2725,-119.3348,207909.25
11.3309,23.0,1267.0,311.4,1298.0,455.1,35.6149,-118.4859,426372.2
6.4651,49.0,2544.0,383.9,2524.0,1194.1,39.5028,-121.9975,317904.18
10.0361,9.0,2639.0,659.2,1139.0,365.1,32.8488,-116.1635,303807.29
10.0527,35.0,3529.0,768.2,3916.0,1273.4,37.0103,-119.3919,399685.18
8.733,20.0,2049.0,477.1,3614.0,1791.9,35.6951,-120.9925,347656.5
2.7189,49.0,2264.0,406.3,1648.0,716.5,41.2451,-123.3784,146400.6
12.7766,42.0,3145.0,476.3,770.0,361.4,32.614,-121.9921,493470.29
5.8305,35.0,4216.0,943.5,3782.0,1379.9,37.7517,-114.5325,235102.91
4.018,50.0,5105.0,1191.6,3104.0,1351.2,39.5363,-121.2965,178313.12
2.0505,18.0,5802.0,1299.9,1200.0,502.6,37.1077,-122.727,57511.7
9.4771,17.0,4981.0,818.3,1405.0,591.0,33.3113,-119.6629,368464.19
10.6471,24.0,2793.0,629.4,2705.0,1180.8,41.7384,-121.2756,414826.54
1.7239,3.0,5337.0,1210.9,1117.0,463.6,37.4211,-124.1308,50000.0
8.4133,32.0,3208.0,692.5,2074.0,800.2,38.3348,-121.107,289564.44
4.5577,35.0,1400.0,317.3,1032.0,366.6,34.7478,-118.7869,178124.46
10.2098,38.0,3584.0,840.8,3335.0,1513.1,37.0932,-118.707,424816.27
3.8539,13.0,2509.0,530.3,3086.0,1065.5,36.5769,-120.7561,158052.05
10.8277,47.0,741.0,117.7,3531.0,1548.2,33.2115,-119.8033,470260.81
6.7209,25.0,2885.0,573.4,2440.0,845.9,33.5085,-114.3621,305644.71
14.1459,9.0,4768.0,752.2,1878.0,798.3,40.456,-120.5378,500001.0
3.3565,4.0,1171.0,223.4,815.0,366.3,34.7783,-121.7886,127052.15
6.1044,14.0,663.0,126.4,605.0,208.0,34.3521,-121.9436,214101.0
3.0319,37.0,964.0,151.0,1949.0,608.1,37.2967,-119.6935,83493.31
13.9834,34.0,3542.0,654.9,3190.0,1040.6,39.8031,-116.525,500001.0
13.3441,11.0,5092.0,820.3,2968.0,1250.1,33.0885,-122.3371,483704.11
4.9822,41.0,5295.0,1222.2,292.0,137.2,37.9797,-117.0524,185833.28
10.4098,3.0,2942.0,720.1,2677.0,827.2,33.6325,-124.2779,361061.08
12.5325,28.0,5298.0,833.0,853.0,381.1,32.8464,-120.1012,447595.59
8.9952,29.0,2855.0,700.9,3705.0,1364.4,33.0011,-116.3534,306298.15
8.6503,9.0,4778.0,966.4,3675.0,1454.2,40.4246,-120.9433,298307.9
4.765,3.0,5224.0,940.1,633.0,307.5,33.6207,-118.5808,168165.64
2.7569,25.0,3057.0,482.0,1335.0,489.1,32.9289,-122.3477,162575.5
13.6124,34.0,1045.0,209.1,574.0,225.6,36.66,-116.709,500001.0
13.6556,12.0,5219.0,1197.5,3330.0,1008.1,40.5179,-123.9511,485545.8
10.0469,42.0,4335.0,956.8,1266.0,400.5,34.9929,-115.5483,392370.62
6.0769,9.0,1093.0,169.4,406.0,142.8,36.5063,-122.4189,200084.17
6.2143,15.0,5339.0,839.8,979.0,299.2,32.8793,-115.3188,230394.86
11.3004,40.0,4304.0,819.0,1519.0,647.5,36.7662,-120.7984,405959.33
13.611,25.0,1959.0,351.7,1341.0,516.7,37.9873,-116.9118,500001.0
13.4757,5.0,3993.0,691.7,731.0,299.4,37.9236,-121.1481,472332.52
12.0283,11.0,3101.0,552.3,3493.0,1169.9,35.6581,-114.9879,453254.27
10.1674,34.0,2944.0,678.1,2413.0,866.7,35.4976,-123.1703,365483.23
2.6359,24.0,3172.0,770.6,2890.0,1250.7,33.5129,-122.6255,138205.1
3.682,15.0,4700.0,895.4,3427.0,1689.7,35.9846,-119.3232,215555.03
13.6305,38.0,516.0,124.2,3455.0,1071.3,33.4452,-123.6396,500001.0
9.6868,8.0,3691.0,672.3,289.0,138.2,39.7827,-122.4422,325349.98
1.6242,5.0,892.0,176.3,1317.0,547.1,41.6796,-114.5905,76058.4
2.8699,48.0,924.0,159.5,212.0,87.5,41.7157,-114.2469,157352.51
10.4573,26.0,1071.0,229.2,3220.0,1288.2,40.7182,-120.5493,398914.06
1.5683,18.0,4131.0,1024.1,2057.0,645.6,38.2075,-114.8055,50000.0
3.6709,6.0,1620.0,340.8,1004.0,319.2,39.1582,-118.7793,165892.67
8.9079,37.0,741.0,137.7,1144.0,480.7,35.2095,-121.6677,369343.83
10.8406,48.0,4397.0,944.4,2989.0,1100.5,38.4923,-117.1248,376049.78
10.3015,13.0,4595.0,745.7,2057.0,994.5,36.8287,-117.5815,367170.8
4.5276,28.0,2779.0,663.8,3709.0,1414.3,37.0792,-114.1142,235787.66
11.1144,,1288.0,258.0,3809.0,1251.9,39.6989,-121.717,452677.29
4.7029,13.0,1214.0,236.7,1810.0,801.7,35.1782,-117.4434,213135.49
5.8929,17.0,5354.0,1116.8,3123.0,1120.1,35.5214,-123.9538,213737.8
11.5776,50.0,3349.0,711.6,2159.0,874.6,41.2841,-123.3067,450377.31
10.27,40.0,1275.0,200.4,3421.0,1503.8,33.0341,-124.4589,422804.04
12.9645,45.0,4526.0,987.9,2907.0,1395.5,37.1135,-114.0057,500001.0
10.3778,32.0,2747.0,478.5,3279.0,1503.2,41.1716,-116.0761,395274.17
9.1722,29.0,578.0,128.0,1252.0,545.0,38.2984,-116.2394,334417.32
2.7646,51.0,4426.0,1028.0,495.0,215.8,37.6909,-119.1479,139034.01
6.4642,3.0,1355.0,312.2,3233.0,1581.5,34.8726,-121.3493,259682.41
5.0802,40.0,2648.0,543.5,1125.0,404.1,35.7611,-122.9117,240206.5
4.7939,34.0,1531.0,309.3,3992.0,1198.5,40.5945,-121.5109,198358.54
14.6356,40.0,5440.0,893.7,839.0,297.3,37.8126,-120.5523,500001.0
6.8068,27.0,3771.0,858.0,2587.0,888.8,37.3901,-116.5587,234222.81
13.5426,13.0,4076.0,722.0,827.0,357.6,33.446,-118.8336,477927.76
10.0204,,4682.0,934.9,2686.0,1146.2,32.6523,-123.6864,355431.58
12.23,,3956.0,705.9,1367.0,572.4,41.655,-124.3107,441181.13
8.2856,6.0,4006.0,654.5,1141.0,346.0,36.0814,-123.4255,254292.3
9.2882,24.0,907.0,193.2,1029.0,458.7,38.2305,-120.1898,368215.1
8.149,,3211.0,499.1,1970.0,718.5,33.2573,-114.7015,327043.67
4.1358,16.0,3588.0,806.8,2766.0,1197.7,38.9896,-117.8073,122294.32
11.2531,40.0,2168.0,394.1,1175.0,483.3,41.3594,-116.0808,462492.01
5.2904,28.0,647.0,97.1,3316.0,1222.1,37.9688,-119.6031,298413.36
1.8283,33.0,4827.0,970.8,1154.0,377.3,33.6981,-120.7025,76145.66
10.2139,48.0,4397.0,680.2,1462.0,466.2,38.0264,-123.3618,378897.51
3.891,41.0,2450.0,435.2,1151.0,536.7,39.7803,-115.3027,243884.45
14.1962,13.0,865.0,,1143.0,552.8,36.361,-116.2768,483371.67
14.378,43.0,2174.0,339.7,2402.0,1032.8,40.8585,-122.7348,500001.0
13.8507,45.0,5031.0,1176.9,1404.0,450.2,38.6625,-119.1213,500001.0
6.4971,25.0,4994.0,751.0,3486.0,1326.1,41.0429,-119.3826,301259.09
1.7087,42.0,5830.0,1018.4,2335.0,1040.9,38.4233,-117.9365,107184.25
14.0323,36.0,3046.0,682.6,3527.0,1608.2,33.7472,-114.565,500001.0
7.2805,27.0,1062.0,192.9,1734.0,561.2,35.4421,-118.4124,261670.95
14.5498,38.0,4062.0,650.7,1296.0,388.8,34.4171,-118.8277,500001.0
14.5089,7.0,2989.0,556.0,3178.0,1406.0,41.1339,-123.9716,500001.0
13.0156,5.0,5880.0,1041.0,378.0,140.4,39.7238,-123.8395,441547.8
5.4751,43.0,1272.0,298.0,2459.0,862.9,38.9258,-122.5329,224350.17
6.6988,45.0,2537.0,460.0,2028.0,613.6,35.3592,-124.1591,237143.35
12.9903,51.0,3923.0,897.9,1457.0,594.5,34.2484,-116.6948,500001.0
5.7784,31.0,3067.0,733.6,664.0,312.2,39.6863,-116.905,201298.46
3.7882,23.0,5939.0,1148.5,1974.0,970.3,37.0045,-123.0714,116712.38
9.0168,42.0,2073.0,499.6,3494.0,1443.5,34.645,-115.7212,366686.33
14.1381,10.0,4194.0,787.3,2878.0,1159.5,38.3579,-122.8747,500001.0
10.8964,32.0,5587.0,,3072.0,973.9,32.8832,-121.3377,345485.14
9.1958,43.0,3791.0,602.5,3535.0,1448.6,35.5986,-121.8857,389761.7
2.8119,30.0,1746.0,381.9,1430.0,537.7,36.9513,-120.5908,99144.5
9.8026,39.0,4219.0,841.2,2854.0,1202.8,33.9056,-121.826,426476.71
14.8657,31.0,4339.0,819.1,1084.0,409.5,41.8542,-119.366,500001.0
3.3911,18.0,859.0,183.2,2613.0,909.5,34.4864,-120.2222,140285.61
8.4975,36.0,5516.0,1215.6,2523.0,804.8,33.7384,-114.141,293477.77
13.3445,2.0,2876.0,432.7,2627.0,953.6,34.4336,-123.9128,482134.58
11.5004,14.0,3509.0,584.9,1532.0,489.2,39.8061,-123.0071,428943.61
10.9097,13.0,3493.0,773.0,1854.0,621.8,36.5423,-123.9453,385362.54
10.9835,29.0,1462.0,316.7,3539.0,1760.5,37.8715,-117.9287,439406.58
6.3531,12.0,4132.0,1019.0,1144.0,444.8,32.6996,-123.9277,214186.61
5.4635,39.0,2327.0,526.1,3335.0,1355.3,32.8271,-115.7174,226641.25
12.4264,2.0,2113.0,517.8,3057.0,1451.2,36.7353,-119.1246,450038.5
12.4365,32.0,2140.0,,3621.0,1807.3,40.2582,-118.9664,442843.31
13.2055,,2716.0,488.4,1124.0,468.2,40.9098,-118.6033,497895.1
13.8287,46.0,4812.0,772.5,2138.0,988.8,33.3237,-122.7065,500001.0
8.4031,27.0,877.0,200.1,693.0,253.2,37.6144,-122.4243,296962.51
8.2705,49.0,4714.0,1010.8,1746.0,630.6,41.1757,-121.1524,364592.2
12.277,41.0,4785.0,740.8,3369.0,1282.0,36.1857,-118.2683,483277.79
10.2745,17.0,869.0,161.6,2169.0,942.4,40.3809,-122.2938,367502.46
10.9766,40.0,2696.0,662.4,1294.0,564.8,33.7701,-123.2785,432314.66
12.2432,31.0,4247.0,849.6,2611.0,947.9,41.3862,-114.3138,465235.26
13.5151,34.0,1151.0,222.5,2817.0,920.2,39.6385,-124.2692,500001.0
6.0629,24.0,1269.0,248.4,2025.0,863.6,41.4427,-116.0717,236540.83
6.5704,45.0,2921.0,499.2,962.0,313.3,38.9279,-116.2256,274346.8
2.7688,35.0,1280.0,239.2,2523.0,1048.8,35.9523,-121.3793,139221.0
9.3068,48.0,2216.0,414.4,249.0,109.2,41.4127,-123.0759,371177.34
1.9852,6.0,4483.0,695.9,3629.0,1597.2,35.1179,-122.9709,54936.19
7.7856,19.0,1811.0,410.7,2975.0,1340.8,35.6556,-117.177,299644.88
8.8257,30.0,3859.0,739.6,1105.0,524.4,39.1577,-117.7505,371791.57
5.3683,7.0,5845.0,1357.3,3175.0,1270.0,39.7705,-116.2812,167422.57
9.4762,10.0,1022.0,240.2,763.0,340.3,41.3293,-114.6564,326356.56
1.9118,41.0,1021.0,174.8,982.0,416.2,34.4456,-117.2348,95399.77
2.0042,32.0,5378.0,1160.2,2732.0,921.6,40.081,-122.8636,56439.03
12.6051,34.0,2820.0,556.2,3355.0,1023.7,39.5162,-121.9439,423464.7
6.3626,28.0,1435.0,341.6,3909.0,1395.2,33.106,-115.657,263459.43
3.2153,15.0,2730.0,468.4,2240.0,870.5,36.1786,-122.3023,139797.09
8.5503,,4540.0,988.7,2031.0,860.0,35.1863,-123.7385,316948.01
11.8949,37.0,5083.0,1071.4,783.0,368.0,35.3927,-117.1156,423620.58
4.4136,29.0,5441.0,976.8,1519.0,515.3,41.838,-120.2735,169536.86
9.909,22.0,4197.0,686.9,435.0,141.4,38.6064,-114.8396,380000.4
2.6522,4.0,3337.0,718.0,2303.0,1134.7,39.3179,-117.6723,101484.78
2.1977,20.0,4583.0,1025.9,2142.0,688.9,41.7779,-123.5506,66567.68
8.6733,32.0,2961.0,537.6,559.0,221.2,36.0834,-114.5475,315579.42
8.7986,36.0,3743.0,802.8,2130.0,888.5,40.1175,-121.7851,352201.73
10.1053,50.0,3859.0,,309.0,126.2,36.628,-120.9593,414881.46
11.3022,4.0,1185.0,262.3,391.0,124.0,40.7606,-120.2763,378825.14
14.674,27.0,2660.0,452.0,1103.0,343.5,34.2162,-123.9621,500001.0
8.4701,17.0,4488.0,1072.7,1316.0,422.6,41.503,-119.2866,297359.32
5.8599,12.0,4566.0,816.1,1061.0,442.6,34.5783,-123.2052,183060.77
12.235,22.0,2067.0,386.1,2815.0,1151.0,35.5991,-120.2898,466266.32
5.1562,17.0,5841.0,910.1,1283.0,444.9,39.6838,-120.8175,151907.65
7.4261,10.0,538.0,86.7,849.0,363.0,36.2407,-116.3852,231234.59
2.5592,1.0,3044.0,613.6,238.0,110.4,38.278,-116.0667,86914.94
1.8422,22.0,5375.0,950.1,3811.0,1175.0,36.7234,-122.8892,79480.05
14.4958,26.0,1756.0,410.1,3320.0,1326.8,39.5525,-120.6512,500001.0
12.7857,18.0,3490.0,,3691.0,1616.1,34.6691,-120.5798,493574.3
10.8957,50.0,2696.0,506.6,836.0,293.0,33.0554,-122.9102,392205.22
7.0209,14.0,3968.0,729.1,1236.0,446.9,35.3493,-116.1162,250120.4
3.8395,47.0,3208.0,487.4,235.0,99.3,37.0059,-117.0741,135334.25
3.6119,29.0,801.0,130.1,2348.0,1126.1,34.0962,-122.501,210976.33
4.8783,12.0,1146.0,219.3,3357.0,1550.9,35.8706,-120.6494,181017.84
8.9146,,5258.0,1047.8,3787.0,1577.8,36.2998,-123.389,349571.44
11.147,35.0,2259.0,430.2,3494.0,1558.5,33.0452,-117.9038,421642.2
10.4127,12.0,4851.0,985.2,1561.0,582.2,38.0414,-123.2256,377642.32
5.2791,7.0,1097.0,229.8,2183.0,934.7,40.9013,-114.1477,199752.55
14.3907,29.0,1161.0,175.3,365.0,143.5,33.9416,-116.3028,500001.0
11.4616,11.0,4830.0,948.7,2630.0,888.9,38.1792,-120.4025,429410.63
8.9838,33.0,1868.0,460.2,2079.0,915.5,38.815,-118.4251,351205.45
9.7582,6.0,3081.0,622.1,3647.0,1500.0,36.4837,-114.9309,381261.53
7.1646,47.0,4368.0,951.2,3742.0,1391.0,39.1604,-118.682,272356.13
4.8444,15.0,4037.0,731.4,3037.0,1464.6,36.4019,-122.6678,167910.42
6.3056,32.0,5365.0,1220.0,3913.0,1190.3,37.2941,-120.5236,242684.96
11.7309,51.0,4808.0,1092.8,230.0,83.5,32.5699,-115.647,414855.86
1.6943,11.0,5058.0,1022.4,3646.0,1135.3,39.0713,-117.7358,84699.55
3.067,23.0,782.0,193.6,210.0,95.2,38.7828,-117.6674,120411.22
2.121,26.0,4178.0,679.2,2211.0,973.8,32.8648,-115.3984,111886.55
2.0498,34.0,1986.0,301.3,3573.0,1308.7,35.9984,-115.1133,85341.03
13.0487,46.0,4582.0,1040.2,2343.0,1019.5,41.8008,-114.8422,500001.0
10.9994,34.0,4683.0,1080.4,3461.0,1312.4,36.497,-123.5041,409914.27
7.9013,29.0,5663.0,917.5,2700.0,1218.4,37.2685,-118.7867,330776.95
2.8208,4.0,960.0,169.5,2439.0,953.3,41.1443,-116.7247,101069.08
8.1368,17.0,2825.0,,685.0,262.0,39.314,-116.5523,305267.79
7.8919,35.0,4254.0,762.9,1489.0,725.1,38.0297,-118.1295,273544.5
3.8382,13.0,2968.0,674.7,1647.0,576.7,40.0791,-122.7487,151154.34
7.357,41.0,2224.0,448.8,3399.0,1101.6,40.7115,-116.1271,296325.23
6.8798,39.0,1876.0,346.7,2485.0,1036.0,36.8404,-116.9388,290878.65
9.814,15.0,3243.0,607.0,2143.0,1058.4,37.0135,-123.5956,386267.81
10.0738,29.0,1014.0,152.2,3626.0,1361.8,36.1675,-119.63,376028.65
2.1116,29.0,1202.0,216.3,2163.0,675.7,41.6837,-122.6732,91133.16
6.5573,11.0,2153.0,462.1,3383.0,1244.5,39.1231,-120.9565,267964.16
9.9491,32.0,2566.0,634.9,2051.0,822.8,33.2906,-124.3101,427943.43
8.2923,2.0,522.0,122.5,1669.0,554.7,40.6981,-120.2965,298168.49
13.0626,47.0,2960.0,451.0,1566.0,675.9,37.0653,-118.7263,500001.0
10.3924,14.0,5649.0,1354.9,3416.0,1706.5,33.1532,-117.9944,377117.98
3.6996,20.0,1804.0,411.9,3336.0,1302.2,37.7223,-117.5334,214862.22
2.4527,22.0,3800.0,866.5,3518.0,1305.0,36.4631,-115.7189,67549.66
10.1727,11.0,5730.0,1121.9,2982.0,1133.6,40.8386,-122.2376,367805.46
1.8579,27.0,861.0,163.4,1190.0,384.4,34.4379,-123.2349,51274.22
9.408,3.0,4227.0,762.1,3761.0,1792.7,40.3514,-115.5589,298304.0
14.1931,17.0,1784.0,279.3,1024.0,392.2,37.798,-122.8556,500001.0
9.2689,44.0,1014.0,,1662.0,627.3,33.0188,-114.265,374902.74
6.7403,28.0,948.0,165.6,2353.0,1016.4,41.7325,-115.6533,273434.97
10.1844,29.0,5843.0,1159.3,2428.0,943.1,37.3698,-119.2408,371684.56
7.6864,21.0,2355.0,529.3,2431.0,1044.5,35.2633,-114.1951,375065.45
8.8658,47.0,5469.0,1079.5,425.0,132.7,36.9594,-123.4775,317952.41
14.2098,16.0,4062.0,632.8,976.0,451.6,40.6496,-121.3178,500001.0
6.7124,37.0,3020.0,,3037.0,1482.4,35.3966,-117.7986,264683.61
14.4761,20.0,3581.0,874.7,1312.0,563.8,34.3304,-120.8249,500001.0
13.7222,6.0,1928.0,440.6,887.0,435.4,33.7262,-114.7521,478022.31
4.1432,19.0,4467.0,1112.9,729.0,240.8,35.3297,-123.8109,122404.91
2.4364,5.0,1422.0,290.7,3642.0,1440.3,39.9105,-118.7312,163245.91
2.8605,3.0,3637.0,895.7,1171.0,492.2,36.9805,-118.2959,117772.08
1.746,1.0,2659.0,419.0,1135.0,472.6,34.6611,-117.6464,69582.44
2.775,38.0,5632.0,1050.8,1622.0,616.8,34.0788,-121.8155,60802.46
10.7206,15.0,3047.0,525.7,2353.0,865.0,35.6609,-120.6721,388388.36
2.461,34.0,3479.0,590.0,1494.0,486.1,41.4293,-115.6414,180403.16
5.8062,35.0,2781.0,456.3,2198.0,831.6,35.7588,-122.4531,237091.38
12.9058,49.0,3149.0,668.3,3078.0,1023.5,41.8872,-115.8179,500001.0
1.8142,25.0,813.0,185.5,1726.0,771.3,37.1097,-118.5921,134023.07
12.4953,24.0,3113.0,647.0,878.0,300.1,34.2021,-116.497,452472.86
5.305,12.0,3583.0,590.1,3796.0,1183.3,40.9658,-117.0071,190546.39
3.0952,18.0,2756.0,636.9,3096.0,1270.8,36.8734,-122.3211,75715.54
10.906,15.0,1537.0,328.3,3303.0,1384.1,39.2419,-118.5275,436999.84
9.9907,44.0,3989.0,753.2,2640.0,1252.4,41.8453,-115.3889,379083.23
13.3459,16.0,3134.0,681.4,239.0,99.3,32.9767,-119.9628,468411.06
11.4235,27.0,4483.0,789.0,2907.0,1073.0,33.4186,-114.3508,399517.17
12.347,8.0,2278.0,420.3,3489.0,1607.0,39.3443,-119.7517,463520.31
5.3075,46.0,5610.0,1356.2,3228.0,1317.2,35.1773,-123.0008,216703.96
3.8954,25.0,5689.0,1018.6,1305.0,412.2,34.2509,-120.4109,150324.89
11.6333,17.0,4395.0,865.8,1044.0,431.3,32.8739,-114.5071,382431.91
12.3923,29.0,1624.0,388.2,1943.0,935.8,32.7075,-121.1429,499750.92
14.8718,8.0,1197.0,264.3,2448.0,928.4,39.8576,-115.385,500001.0
7.0703,15.0,2679.0,418.5,646.0,232.1,33.7771,-115.2469,215739.96
6.5222,27.0,1904.0,313.6,3699.0,1215.8,36.9433,-120.823,270067.8
11.9816,46.0,5751.0,867.2,3309.0,1092.9,38.256,-123.6258,468581.32
6.1008,50.0,1543.0,328.8,1434.0,554.3,36.5693,-116.8921,262580.91
14.0652,7.0,2429.0,473.1,2691.0,1127.9,32.7575,-121.2291,500001.0
13.0886,3.0,1513.0,247.3,1550.0,490.0,39.9433,-116.2793,461390.24
7.2914,29.0,726.0,178.4,3008.0,1467.6,32.5999,-119.8521,308130.22
11.6368,44.0,2328.0,472.5,426.0,192.1,39.738,-119.4047,407833.85
11.6863,24.0,5417.0,943.6,247.0,103.1,40.9864,-116.332,431239.54
2.8922,3.0,2523.0,504.8,3289.0,1531.6,36.612,-120.4852,134982.55
13.6845,20.0,5466.0,1191.4,3159.0,998.4,37.5877,-119.8472,475849.39
8.3209,46.0,2952.0,465.3,1662.0,657.1,37.0313,-120.55,288298.63
12.6572,15.0,2585.0,458.8,2030.0,864.8,36.1975,-120.6429,500001.0
5.8207,25.0,4783.0,1103.4,3979.0,1853.1,40.9305,-118.9776,209411.62
13.5896,30.0,1580.0,309.6,386.0,176.3,40.9924,-116.0076,481787.94
6.7542,14.0,5536.0,1133.0,2592.0,921.2,35.6903,-120.7014,250040.13
1.6463,7.0,2820.0,545.1,2471.0,1206.3,38.3432,-118.9953,51400.63
13.7227,17.0,3690.0,569.7,3077.0,999.6,41.3056,-117.4574,470354.96
2.7324,44.0,3130.0,521.4,2735.0,1299.2,41.6396,-121.6709,100821.22
5.8107,20.0,3063.0,595.9,2132.0,1053.6,37.3351,-121.586,250263.92
14.3258,36.0,3792.0,648.1,3124.0,1047.9,36.8018,-114.6992,500001.0
14.3332,9.0,5121.0,793.7,1048.0,465.7,35.1476,-116.9029,500001.0
9.2414,38.0,4086.0,957.6,2232.0,687.6,41.6093,-118.4395,317703.27
10.0298,48.0,4931.0,1223.5,1452.0,553.3,33.8567,-117.6989,343584.05
7.554,22.0,5674.0,1301.1,1613.0,650.5,38.0084,-124.1924,247456.81
5.4583,2.0,3447.0,811.3,1178.0,490.2,35.1842,-118.0099,187737.97
5.937,24.0,4459.0,776.7,1812.0,882.8,35.1506,-119.1502,221556.04
10.579,8.0,3313.0,815.2,1216.0,528.3,36.3472,-118.7696,381194.73
11.6571,11.0,3083.0,523.2,2435.0,964.9,41.9885,-120.726,405665.62
12.1863,13.0,661.0,162.0,2081.0,961.3,33.0222,-123.6445,422260.93
12.1598,17.0,1093.0,272.7,469.0,229.9,37.9961,-122.4699,392027.82
2.7313,8.0,3759.0,831.4,1830.0,557.1,33.2844,-114.5172,50000.0
8.1747,21.0,4655.0,1155.0,509.0,252.7,33.9679,-120.2087,262051.87
2.277,18.0,3462.0,716.5,3403.0,1079.5,36.6758,-119.5998,93637.92
8.9186,30.0,4388.0,,2243.0,1038.2,37.3494,-123.9465,330363.14
7.4607,18.0,3890.0,753.5,1774.0,631.7,34.9585,-124.1056,303785.62
13.484,46.0,5001.0,1047.0,1295.0,422.7,35.5063,-116.9696,500001.0
6.2374,47.0,1163.0,182.9,3092.0,1199.6,33.3262,-118.85,274009.0
3.0804,31.0,1632.0,346.4,1895.0,812.6,35.3806,-119.1586,99194.6
3.4304,38.0,5695.0,1413.0,3458.0,1300.9,41.6823,-121.9472,126229.39
11.7804,32.0,1041.0,175.9,2733.0,849.7,41.4747,-116.6801,439351.99
9.8459,11.0,5933.0,1360.2,3462.0,1453.7,35.6813,-122.7335,335320.83
2.8652,45.0,5593.0,1346.7,1645.0,790.4,37.9231,-122.5057,99887.32
2.6354,,5736.0,1401.7,2367.0,891.5,41.1412,-119.6625,76509.96
10.9631,33.0,3474.0,854.7,419.0,143.8,32.5587,-121.4941,378558.68
2.4823,38.0,1367.0,276.3,252.0,97.9,40.2015,-121.9016,96843.49
12.5951,41.0,2566.0,635.7,1957.0,606.0,41.5095,-117.725,474149.96
11.0343,8.0,931.0,210.2,1674.0,776.9,33.3676,-117.6648,415714.87
2.5982,11.0,5335.0,886.5,3683.0,1713.6,34.0338,-115.8426,103362.57
2.6453,22.0,5969.0,1180.0,1866.0,779.2,41.6271,-120.1141,132452.12
14.8196,51.0,4778.0,1059.9,1460.0,541.1,37.6066,-123.7326,500001.0
6.5527,24.0,1706.0,298.1,3005.0,1382.2,32.6349,-121.6265,237178.22
6.5037,41.0,3028.0,648.2,2985.0,1226.6,34.9475,-114.2099,283508.4
12.4728,17.0,1669.0,361.6,919.0,427.5,36.7745,-118.2393,430964.5
14.2879,12.0,1330.0,221.1,605.0,257.9,39.0826,-117.0478,500001.0
14.811,46.0,2151.0,444.2,2855.0,1304.4,39.465,-124.4227,500001.0
11.6706,32.0,1636.0,371.6,3268.0,1371.6,41.9565,-119.0588,493093.31
6.5795,15.0,3310.0,661.6,2669.0,1021.8,35.2314,-124.1059,267873.32
2.6273,16.0,975.0,147.4,2959.0,1454.6,37.6131,-118.5231,102466.04
11.9915,22.0,3310.0,499.5,2494.0,1018.1,37.5666,-114.8319,417463.13
9.0385,28.0,1826.0,339.1,271.0,114.1,36.3536,-114.3316,375608.85
7.227,20.0,5566.0,,2053.0,706.4,34.107,-118.8242,227906.39
13.7358,33.0,1519.0,262.6,2432.0,1033.9,41.7858,-119.6888,500001.0
3.0012,10.0,5737.0,1224.5,2253.0,933.5,40.6065,-114.5773,50000.0
8.1504,40.0,2336.0,402.3,1429.0,481.5,37.2342,-117.4271,311649.86
1.6533,32.0,4756.0,866.4,1767.0,551.2,38.2308,-123.8186,71233.04
7.8269,50.0,2948.0,692.2,3882.0,1633.8,34.659,-119.6099,353210.08
2.2601,33.0,4793.0,,3153.0,1427.5,37.666,-121.9774,77595.2
3.104,2.0,1783.0,284.5,586.0,237.1,39.1022,-119.5671,72868.59
3.0866,33.0,1159.0,223.5,1991.0,687.6,37.3941,-119.7176,156969.42
10.2643,33.0,5666.0,866.4,898.0,389.1,41.9077,-118.3875,405705.96
11.5716,41.0,2510.0,497.2,3347.0,1057.7,38.3077,-120.7539,411254.91
9.3755,13.0,898.0,194.2,1400.0,543.7,36.0243,-122.7752,373871.67
14.4893,30.0,2233.0,361.4,1026.0,341.3,39.8354,-119.2109,500001.0
6.5608,33.0,2625.0,469.6,2022.0,681.2,34.1194,-115.7829,289359.22
5.3571,13.0,2671.0,506.9,548.0,186.6,36.1529,-117.5279,188653.99
13.2261,26.0,574.0,138.9,1478.0,557.7,35.7961,-120.9471,430357.4
4.5185,22.0,5197.0,1295.7,3973.0,1232.5,36.6022,-114.677,162177.94
14.5035,39.0,3971.0,613.5,507.0,192.4,39.9269,-114.9218,500001.0
1.6641,2.0,1336.0,302.1,3616.0,1454.9,37.0996,-122.3018,65489.81
14.5934,,999.0,187.0,1350.0,535.5,40.0431,-124.0861,500001.0
2.0827,39.0,637.0,120.5,2160.0,813.4,37.9766,-116.7163,116928.12
13.5304,,2597.0,585.4,2534.0,1185.5,35.7497,-115.8101,436087.03
8.624,46.0,5568.0,1346.6,965.0,317.5,40.1948,-114.3374,348529.91
14.905,50.0,4196.0,1028.4,924.0,370.7,34.7638,-115.1567,500001.0
2.4963,15.0,2385.0,495.4,3009.0,940.0,34.6316,-118.1944,121350.67
8.977,34.0,3257.0,604.9,1819.0,571.6,37.2928,-118.9345,338780.0
14.5856,42.0,4420.0,1011.1,3758.0,1558.7,34.9781,-124.2077,500001.0
8.5618,44.0,2400.0,420.2,582.0,240.5,32.5863,-121.9101,342053.65
9.9969,49.0,3110.0,641.9,3677.0,1748.8,38.6588,-119.674,411781.57
10.8926,40.0,4486.0,833.8,2635.0,1084.5,37.3554,-117.9007,398910.45
7.6363,11.0,1949.0,420.3,724.0,356.2,36.7324,-118.6489,293982.88
9.972,3.0,1046.0,182.0,3828.0,1185.7,41.6862,-116.7023,328627.3
9.3882,6.0,5517.0,933.3,2886.0,922.4,37.9264,-121.5624,352357.28
13.6656,9.0,5176.0,1251.7,3185.0,983.6,40.7026,-118.568,444454.11
2.1135,6.0,5968.0,956.0,3897.0,1313.5,33.8248,-123.5745,123733.83
5.293,9.0,2503.0,502.1,475.0,193.9,37.9075,-120.1565,188765.65
14.3306,39.0,2596.0,446.7,2747.0,1178.8,40.7458,-116.6233,500001.0
13.5186,31.0,1203.0,185.1,2964.0,916.2,38.0395,-117.2193,500001.0
7.6514,32.0,2903.0,445.9,536.0,262.2,39.3211,-114.0983,248602.32
9.8718,41.0,2125.0,356.0,2173.0,1017.9,36.0344,-121.5821,375811.34
5.2446,50.0,3831.0,906.7,3179.0,1142.3,33.3783,-119.269,242102.44
4.0396,12.0,5233.0,932.8,680.0,214.5,36.8501,-121.0399,139755.01
7.7599,8.0,5605.0,1373.5,1110.0,370.7,36.2476,-119.8737,275774.57
6.2703,8.0,3478.0,724.0,2196.0,714.6,40.7371,-115.502,234176.0
9.3794,50.0,5236.0,1014.0,3544.0,1150.6,34.818,-117.3158,347018.91
2.5494,28.0,3339.0,694.5,3329.0,1344.0,41.684,-115.2344,107356.68
14.6543,20.0,3884.0,783.3,1551.0,541.6,41.6023,-122.3631,500001.0
14.8138,47.0,3159.0,713.5,2233.0,829.8,34.8525,-115.3297,498780.46
10.9252,7.0,2361.0,420.8,1954.0,972.9,35.8065,-123.8725,445859.05
8.7373,11.0,3356.0,621.9,308.0,134.6,41.0078,-115.1697,314755.63
5.6786,20.0,5801.0,1388.8,3550.0,1738.8,41.6829,-121.0447,250055.25
12.4862,16.0,1185.0,289.9,3957.0,1299.9,36.7127,-121.1968,432816.37
10.7439,4.0,4783.0,1144.4,527.0,198.4,35.5495,-119.1231,381943.9
3.6953,6.0,2119.0,406.7,1999.0,821.5,37.4979,-114.6228,200828.88
13.7975,22.0,5580.0,1272.4,514.0,162.1,39.0338,-123.9983,435603.66
12.6043,26.0,5143.0,1016.4,3745.0,1126.6,35.098,-120.8016,482436.51
14.3223,3.0,1931.0,385.7,1334.0,579.1,39.4965,-115.506,500001.0
11.2972,41.0,1375.0,234.4,2946.0,1262.0,32.9907,-120.3414,416713.75
9.7811,42.0,5213.0,1090.1,980.0,374.5,32.9683,-122.4089,369095.91
7.1463,14.0,2961.0,499.3,3500.0,1392.8,36.1697,-120.0397,306784.2
14.0918,11.0,1865.0,341.6,1720.0,658.9,35.858,-120.4517,495559.08
13.1919,18.0,1743.0,410.5,355.0,108.2,35.4985,-114.8881,495990.14
2.1105,12.0,5498.0,,1696.0,622.6,37.1647,-116.4997,50000.0
1.856,,662.0,104.0,1924.0,645.3,35.547,-119.1963,59611.2
6.5823,12.0,2474.0,388.2,3543.0,1132.6,34.3265,-114.1221,263248.55
12.4425,13.0,3791.0,925.3,1086.0,533.6,35.44,-119.6146,433047.0
14.8282,25.0,769.0,154.3,3273.0,1374.2,41.7616,-123.8885,500001.0
3.5306,45.0,1131.0,216.0,3005.0,1339.4,36.4056,-121.7461,208841.79
9.5208,51.0,1405.0,324.7,921.0,334.4,36.7248,-119.9213,386279.9
6.642,19.0,3971.0,927.6,3782.0,1432.0,37.9772,-122.8525,277996.88
14.5938,46.0,3753.0,687.6,1112.0,386.3,41.8417,-114.5506,500001.0
12.8686,36.0,2514.0,551.5,3557.0,1136.1,34.7952,-116.4481,500001.0
12.8174,45.0,2141.0,486.2,1070.0,359.3,38.9722,-121.683,468501.07
7.8274,8.0,704.0,151.7,212.0,97.4,39.3019,-118.2966,330137.05
7.1001,29.0,1081.0,178.5,2855.0,1243.4,38.2696,-116.9248,279458.06
5.191,32.0,1340.0,,697.0,285.3,33.3415,-114.6166,257865.12
2.2611,51.0,5847.0,1192.3,1956.0,772.7,38.9303,-115.2428,109699.35
13.1738,44.0,2219.0,395.5,2485.0,1203.9,33.1089,-119.0905,484360.51
12.4742,18.0,3143.0,605.1,1317.0,414.3,38.1634,-116.3661,480451.5
14.9962,6.0,2797.0,430.1,3609.0,1285.2,39.526,-118.5975,500001.0
14.9546,18.0,1374.0,223.7,3028.0,1120.3,34.5042,-118.6966,500001.0
8.9983,19.0,1189.0,269.4,1394.0,636.3,40.4954,-123.2952,369516.41
11.8813,22.0,4500.0,675.0,2204.0,1098.7,32.7884,-123.1756,459198.19
14.2543,37.0,3641.0,697.8,2853.0,993.2,40.5162,-118.9399,500001.0
12.9702,32.0,1922.0,388.7,2908.0,1380.9,36.8731,-121.677,500001.0
4.8392,41.0,1171.0,182.0,1847.0,860.9,34.5671,-124.2791,221077.44
7.5823,3.0,1671.0,413.3,1790.0,617.4,33.7709,-116.9102,287563.8
3.2437,28.0,4226.0,729.5,3096.0,1176.1,41.5564,-124.1589,95831.53
14.3797,,1443.0,260.3,3183.0,1215.7,33.1903,-118.2496,500001.0
9.6834,51.0,1949.0,351.6,1690.0,837.6,34.3914,-118.8385,377667.61
4.5867,35.0,4237.0,733.2,2875.0,966.5,35.8043,-114.3274,237637.97
10.568,29.0,3039.0,456.3,342.0,157.3,38.3922,-119.4158,405069.73
9.8447,15.0,4459.0,994.1,1424.0,522.4,37.6756,-123.8322,347977.14
6.3352,33.0,5491.0,1354.5,3451.0,1539.7,33.6936,-118.7073,259307.79
3.033,7.0,5932.0,1022.9,2961.0,1137.0,35.2524,-115.6685,93501.31
10.5662,12.0,4760.0,1029.6,3635.0,1511.0,34.7681,-114.0331,430378.26
8.5242,49.0,2861.0,641.4,2726.0,1271.7,34.5287,-119.9814,402264.52
11.9263,30.0,5701.0,1338.8,764.0,352.1,36.4059,-121.1369,421840.71
8.5222,21.0,4152.0,798.3,2718.0,1286.4,39.1883,-114.9801,368839.19
13.0045,31.0,4170.0,751.8,2631.0,820.7,34.5658,-122.492,468344.06
8.9507,24.0,2253.0,411.2,1915.0,839.6,35.9834,-118.038,324607.85
9.0727,20.0,2852.0,631.0,3173.0,1040.7,36.2137,-120.24,342150.41
13.3348,37.0,2438.0,564.8,616.0,236.0,41.7763,-124.0686,496989.68
6.947,4.0,870.0,146.3,2048.0,839.1,41.5693,-120.8535,254608.02
3.3092,28.0,5448.0,1019.3,2555.0,972.3,40.1013,-121.7151,152000.96
1.8886,44.0,4979.0,1195.9,2896.0,1169.8,34.7958,-117.296,103359.02
11.6944,20.0,2431.0,560.8,1917.0,957.2,33.1464,-114.5377,409342.87
9.8742,24.0,924.0,229.6,1590.0,520.0,35.5106,-121.6855,383326.02
11.0051,50.0,5224.0,1177.6,3272.0,1423.6,35.0345,-115.9796,450169.49
4.375,49.0,1394.0,263.9,1267.0,480.4,37.3063,-123.9187,202266.13
3.341,51.0,1097.0,229.3,2986.0,975.2,39.8884,-118.8497,203854.58
1.6964,32.0,3562.0,769.8,2066.0,685.4,40.6541,-123.7592,50289.3
6.2329,41.0,2836.0,447.7,1321.0,647.1,40.5262,-114.6927,271219.82
9.4639,36.0,5188.0,1060.7,3991.0,1899.4,35.9169,-116.4533,352684.78
6.7953,34.0,2187.0,483.2,1488.0,716.3,39.0287,-117.5915,242473.42
7.4059,36.0,1072.0,178.7,2006.0,999.6,35.4719,-115.8491,294632.88
13.7061,2.0,2590.0,590.7,2387.0,815.5,33.0786,-117.701,460871.79
6.2014,15.0,4169.0,868.7,1704.0,632.3,39.1649,-114.3261,208321.58
8.4389,34.0,4772.0,1170.2,3508.0,1521.9,32.5934,-117.0034,321197.99
12.0793,,5124.0,790.3,3221.0,1278.0,36.3872,-114.7911,490505.02
6.8533,6.0,2133.0,376.5,1216.0,466.6,35.6291,-119.0701,240039.86
9.8982,39.0,5561.0,1168.7,1152.0,428.0,39.0871,-123.2708,317903.81
13.1419,,2017.0,362.4,3151.0,1319.5,39.7793,-118.9541,500001.0
14.3185,51.0,4793.0,1061.4,271.0,112.5,35.3889,-123.1678,494750.48
3.4855,51.0,3157.0,713.2,1890.0,628.0,40.2105,-118.2788,156511.74
14.0089,12.0,4148.0,664.7,3461.0,1364.8,35.2922,-119.4338,500001.0
8.1436,3.0,5448.0,1097.1,1491.0,612.3,36.7401,-117.963,280186.17
4.9863,45.0,4088.0,821.2,1544.0,639.3,39.4067,-124.3945,233344.38
7.6983,18.0,2037.0,380.8,2354.0,805.1,39.0827,-122.4542,306408.65
14.7304,40.0,5676.0,1380.9,3503.0,1570.9,41.88,-119.341,500001.0
8.1503,21.0,3637.0,846.5,3313.0,1010.6,34.639,-114.5197,356077.31
5.9381,15.0,597.0,131.2,3973.0,1473.8,38.792,-120.4721,257389.28
10.0509,33.0,3715.0,822.6,1082.0,493.4,38.292,-120.0441,364581.42
4.742,35.0,5030.0,986.7,338.0,139.5,41.1934,-116.9957,197389.35
2.5242,26.0,5232.0,1266.7,2862.0,1008.1,33.9854,-118.1602,102727.16
3.2399,8.0,4250.0,932.7,3954.0,1735.8,39.6421,-121.3613,148556.29
3.2286,36.0,3657.0,815.1,3110.0,1285.9,37.8986,-120.1864,213991.86
3.5507,48.0,5183.0,1224.1,2520.0,1157.3,35.1093,-122.2142,150186.97
3.3742,30.0,843.0,149.6,1704.0,761.7,37.0071,-114.3568,150332.0
10.1518,23.0,5913.0,1364.2,2663.0,1123.8,35.6709,-123.1283,366373.53
3.9554,42.0,5166.0,875.8,2753.0,1094.7,38.0035,-120.5957,208202.89
6.1665,44.0,1110.0,204.8,932.0,304.4,40.9455,-124.2287,215941.55
13.6066,14.0,2227.0,,1948.0,686.2,37.9084,-122.1713,445679.56
7.8985,14.0,2790.0,691.5,623.0,239.1,38.5014,-116.3051,258271.16
10.512,2.0,2354.0,554.7,3678.0,1544.2,37.4281,-122.3877,351677.85
3.8263,37.0,3108.0,684.1,1791.0,721.3,32.9861,-123.6593,152291.48
4.0959,5.0,5555.0,1237.1,589.0,210.6,34.7122,-119.5182,130979.0
2.0517,38.0,2579.0,531.8,541.0,163.0,37.174,-124.3953,70054.25
3.7806,45.0,2824.0,691.1,1145.0,457.1,35.4472,-123.61,123642.4
5.261,41.0,5127.0,1023.5,813.0,290.3,34.2268,-116.0199,200212.55
3.8896,47.0,1677.0,315.4,692.0,309.3,37.2893,-116.3995,195811.99
2.6975,14.0,1591.0,264.6,391.0,119.2,35.5667,-114.891,60756.34
3.1286,39.0,5479.0,1252.6,698.0,291.0,34.952,-115.5276,133305.91
7.7205,25.0,3291.0,735.4,1021.0,498.5,36.9079,-117.3267,303252.32
4.2855,20.0,2249.0,423.8,1935.0,648.0,33.7662,-123.9505,195470.13
6.4176,2.0,3175.0,484.2,1456.0,574.1,41.3136,-116.2801,262654.4
8.2961,39.0,1281.0,299.6,2168.0,690.0,40.7432,-115.6221,384403.95
10.8203,6.0,3548.0,536.3,426.0,181.1,39.2224,-116.1096,370117.94
2.0307,17.0,2605.0,574.1,1594.0,653.7,33.509,-119.161,88159.37
12.292,25.0,4367.0,1078.8,2386.0,910.2,39.8708,-122.0545,430241.23
9.9767,28.0,5476.0,1061.1,3103.0,1254.5,40.1756,-115.624,377387.19
2.6037,2.0,5042.0,874.8,1016.0,487.0,39.7938,-116.8648,125101.82
13.2933,35.0,2613.0,576.1,3420.0,1160.3,33.5827,-114.202,471866.86
13.9318,37.0,5873.0,1360.8,3386.0,1031.1,38.6171,-122.8652,481168.92
2.3246,5.0,4470.0,914.8,1673.0,790.2,40.4261,-122.1305,116761.53
5.2378,1.0,2491.0,614.5,1286.0,534.2,37.9849,-122.2761,204808.71
12.3837,40.0,1567.0,243.1,303.0,144.9,38.6409,-116.1783,455769.71
11.6015,12.0,2077.0,416.4,2074.0,869.8,36.8545,-122.5375,448524.34
3.991,36.0,1511.0,335.2,1070.0,494.4,37.5227,-123.8001,180502.39
4.3262,45.0,2774.0,655.4,867.0,334.6,32.8266,-114.0151,214328.76
6.5014,23.0,5369.0,901.6,2242.0,1008.8,38.5701,-124.2394,255357.31
8.0411,,2314.0,532.2,472.0,227.8,33.2737,-115.7299,335526.61
9.8464,31.0,2926.0,600.6,1229.0,509.3,36.6326,-120.6636,432896.41
6.4803,11.0,5797.0,1099.4,3418.0,1149.0,35.2802,-115.663,252211.11
7.7442,,4902.0,799.9,2431.0,860.0,37.6816,-118.6765,285735.2
11.5909,3.0,5374.0,1271.1,1251.0,425.0,33.7675,-115.0329,399703.72
1.9952,14.0,3051.0,505.6,1773.0,619.4,39.0706,-114.775,76911.15
4.9079,16.0,4157.0,752.3,3390.0,1224.7,40.0526,-124.4045,257406.7
11.1302,10.0,507.0,90.8,492.0,202.2,34.0519,-123.7082,405139.44
13.5853,29.0,3055.0,724.5,3642.0,1520.9,33.491,-121.8712,500001.0
8.4076,10.0,975.0,211.8,3515.0,1354.3,33.8824,-117.4722,309258.32
8.6835,12.0,5916.0,1358.7,3851.0,1629.3,40.8327,-115.1731,343775.2
2.9468,30.0,2711.0,474.6,3997.0,1264.3,37.5178,-119.6706,168581.2
7.5401,41.0,984.0,209.1,3489.0,1108.0,36.939,-118.1268,304994.86
8.6903,1.0,5500.0,1139.5,2424.0,810.5,33.5138,-122.5208,309367.02
4.7734,5.0,5154.0,1202.3,3570.0,1440.9,38.6708,-116.0478,135093.59
5.1348,20.0,2785.0,670.1,3947.0,1353.0,40.746,-114.3431,213458.75
6.5933,8.0,5723.0,865.4,2305.0,822.1,40.3678,-121.6797,253883.13
1.771,43.0,5829.0,1267.2,1492.0,567.1,38.4475,-119.3043,118877.68
5.8481,12.0,5063.0,785.7,507.0,234.4,33.2151,-123.5958,187060.91
4.3545,1.0,4025.0,824.7,3841.0,1162.9,33.5678,-118.6291,127348.55
5.9212,20.0,3839.0,686.3,3559.0,1529.9,32.9684,-119.2208,224518.02
3.1168,28.0,3322.0,600.2,1176.0,510.1,34.9461,-122.9834,97624.43
13.5221,43.0,5443.0,1008.6,3376.0,1552.1,33.7888,-119.8583,500001.0
9.5135,37.0,3424.0,726.3,1451.0,706.0,34.9705,-120.9919,400369.44
10.6679,47.0,758.0,139.0,1470.0,446.9,36.1581,-119.0208,426287.83
12.1538,37.0,782.0,174.6,2947.0,974.7,41.4583,-118.3506,500001.0
8.229,12.0,2398.0,456.7,1717.0,819.4,38.2986,-124.4108,311265.95
2.6734,37.0,4635.0,726.9,2330.0,912.7,40.4323,-116.5094,130340.55
8.7509,49.0,3476.0,793.8,1409.0,581.8,39.2483,-117.0133,329481.2
9.4224,49.0,2767.0,494.1,2499.0,1081.1,33.5688,-120.654,377786.12
11.5634,44.0,3700.0,715.1,1578.0,687.7,39.4912,-123.9442,401444.33
7.3274,28.0,5610.0,1226.0,1973.0,959.6,35.1134,-116.5732,277054.75
3.2223,47.0,1112.0,203.8,1919.0,958.3,38.5715,-114.4707,169656.76
5.331,15.0,1187.0,184.8,2242.0,995.5,35.7391,-121.9784,239296.36
6.4016,6.0,4190.0,785.2,995.0,355.7,41.9779,-121.103,221565.54
10.2199,44.0,1112.0,271.8,1096.0,521.6,35.0037,-122.57,394254.42
9.2055,20.0,2807.0,601.2,2161.0,669.6,35.1517,-118.4422,316153.88
6.3073,50.0,3513.0,762.8,409.0,141.6,41.3414,-122.8742,245412.58
14.818,14.0,2281.0,486.4,3063.0,1468.6,32.7341,-120.76,500001.0
9.678,2.0,3091.0,525.2,2856.0,1003.1,39.1185,-117.1814,325324.3
4.7026,9.0,3196.0,613.1,2694.0,927.1,39.3906,-118.6188,181726.13
2.8741,37.0,4458.0,1003.5,2707.0,886.9,40.4456,-120.4421,129327.28
3.5636,20.0,5748.0,920.5,1167.0,550.6,41.7572,-120.0874,119675.37
4.8204,26.0,1074.0,190.9,671.0,268.4,41.7682,-118.5978,177351.78
3.6692,29.0,2410.0,428.1,3991.0,1736.0,33.1201,-124.4384,192130.57
4.0187,1.0,5608.0,1083.5,2617.0,910.2,40.3075,-123.6756,109056.4
5.3488,,4104.0,1017.9,3147.0,1421.2,38.6399,-115.2468,229920.71
3.8405,6.0,1169.0,183.2,3763.0,1700.9,38.6498,-123.6823,157018.52
13.6063,37.0,4864.0,981.9,1122.0,406.7,33.7193,-117.0786,500001.0
2.5832,5.0,1783.0,299.4,336.0,128.4,38.6768,-114.8396,149979.54
8.5809,33.0,1423.0,351.6,566.0,193.5,41.8336,-121.6578,299422.96
7.0404,49.0,1625.0,262.2,3159.0,1564.7,41.1623,-120.6098,334607.34
14.7621,51.0,2029.0,386.2,383.0,164.4,36.6717,-118.5263,500001.0
3.0125,14.0,2094.0,468.6,3859.0,1879.0,32.8795,-115.2421,178353.01
6.8711,12.0,746.0,164.5,3558.0,1283.3,35.9418,-114.61,245345.0
14.5879,42.0,4211.0,,2719.0,1240.9,40.3507,-116.7346,500001.0
13.1843,20.0,2060.0,380.4,1598.0,724.2,39.1642,-123.5905,465437.25
12.5305,50.0,2900.0,550.3,2901.0,1271.6,36.8638,-117.4739,492722.52
4.9817,24.0,2743.0,483.9,2996.0,1477.4,33.0235,-120.1918,195631.73
3.807,43.0,4364.0,744.2,736.0,278.7,36.5555,-119.5576,179702.72
10.5267,34.0,2439.0,483.7,3782.0,1233.5,36.9557,-123.9839,392161.48
14.0466,25.0,5525.0,977.1,3049.0,1324.3,41.3213,-122.4938,500001.0
9.0163,50.0,3569.0,637.9,1802.0,803.4,38.5903,-116.1996,353415.06
9.2168,29.0,726.0,,1473.0,611.3,35.4607,-119.7334,354119.55
5.2797,39.0,4047.0,999.0,3167.0,1081.1,37.4905,-121.3325,216067.12
11.8882,31.0,764.0,160.7,2757.0,1105.3,33.1275,-120.4678,445267.61
4.0251,47.0,1895.0,298.8,2877.0,1042.7,41.7394,-115.5288,203798.49
5.8697,43.0,4057.0,639.2,3249.0,1252.5,35.9206,-116.6355,297497.12
7.2434,50.0,1145.0,280.7,1296.0,556.0,37.0397,-121.6407,279846.17
8.3527,23.0,3490.0,627.3,1505.0,675.8,35.8752,-123.2662,343392.72
4.7725,44.0,5983.0,952.5,1115.0,386.3,38.9839,-121.854,231337.94
3.0503,38.0,2399.0,503.6,3631.0,1383.6,38.7912,-114.8321,137820.9
9.7434,20.0,3004.0,637.9,3281.0,1160.9,39.2956,-118.3933,332030.11
5.3965,23.0,3272.0,703.0,3482.0,1182.9,35.0474,-118.8985,224561.23
9.3467,45.0,5845.0,1033.0,351.0,160.3,35.4989,-118.2379,331129.36
3.5839,16.0,5577.0,,1228.0,591.7,33.6899,-120.6567,185882.98
7.9954,,1654.0,407.7,1418.0,530.4,38.7273,-116.0254,321669.14
8.69,42.0,1087.0,190.3,2177.0,980.2,32.8781,-119.0055,338664.62
2.1996,8.0,5071.0,1103.5,3554.0,1703.8,38.178,-123.2741,68895.01
6.0442,50.0,2321.0,512.2,2711.0,1272.1,40.7621,-123.1448,297530.26
3.3146,21.0,1485.0,313.3,3384.0,1138.9,40.9629,-118.863,137689.37
2.3556,1.0,4579.0,830.1,470.0,230.9,36.7659,-114.666,71715.62
14.8645,8.0,3848.0,681.5,1386.0,520.2,36.8634,-121.2623,500001.0
5.8518,29.0,4331.0,908.5,659.0,242.4,33.2312,-115.3698,198090.08
12.4333,32.0,1741.0,,304.0,95.0,38.8723,-116.477,449967.47
4.9376,38.0,689.0,168.6,3964.0,1574.6,40.302,-121.898,237130.66
10.7003,5.0,1480.0,237.7,3827.0,1231.5,34.8242,-124.1184,420401.62
11.7631,47.0,2198.0,363.7,3553.0,1242.5,36.5024,-123.4306,487049.08
9.5411,22.0,2215.0,541.5,1910.0,694.1,40.469,-116.8508,347038.17
7.8663,47.0,3093.0,691.8,2409.0,1112.4,40.8326,-122.4035,323941.73
7.0599,34.0,4636.0,1104.8,2598.0,1234.3,34.8102,-120.6017,264775.68
6.2097,1.0,5538.0,942.9,633.0,228.2,37.7304,-119.2322,167323.82
14.0486,26.0,4933.0,1029.8,3099.0,1461.9,34.3287,-116.8826,500001.0
12.7134,43.0,5933.0,1305.9,339.0,159.8,33.4678,-123.3111,495157.27
14.5279,10.0,1598.0,348.4,1694.0,767.3,41.1556,-120.2332,500001.0
3.178,30.0,2826.0,539.2,3403.0,1120.7,40.2948,-119.4067,129888.73
11.3667,50.0,3747.0,567.8,286.0,125.3,39.7203,-118.8213,409597.36
14.1676,18.0,1395.0,290.6,1911.0,934.5,32.9633,-115.9072,500001.0
3.9466,17.0,2174.0,381.1,2430.0,1060.7,40.5154,-122.6974,181719.99
2.3977,26.0,3409.0,664.8,2615.0,957.9,36.6614,-116.0178,108067.03
11.5051,8.0,1430.0,351.4,328.0,131.2,35.7528,-117.2248,378988.47
9.2554,47.0,4884.0,927.5,1469.0,630.4,37.6915,-118.6634,357867.94
12.8647,40.0,1223.0,286.2,3872.0,1557.0,33.3679,-117.155,473921.23
3.3869,49.0,3440.0,580.9,1801.0,583.5,39.6881,-120.1738,163388.43
12.2361,12.0,1589.0,345.2,869.0,314.9,38.0331,-123.0468,458046.82
4.222,27.0,5078.0,,3649.0,1680.3,34.2726,-117.5095,143698.38
3.7094,8.0,1435.0,229.9,348.0,164.4,34.2882,-118.9909,97830.53
3.7176,25.0,2795.0,421.6,1184.0,387.7,34.2504,-117.7866,191761.15
12.4968,46.0,655.0,126.6,1051.0,515.5,33.0415,-120.951,469197.83
10.4802,4.0,1570.0,250.0,1656.0,605.7,38.0841,-114.9779,408611.45
8.5614,33.0,2458.0,552.7,827.0,357.6,40.4833,-118.3326,315931.23
6.3442,,3001.0,724.6,3997.0,1800.1,32.6662,-123.6033,243582.5
13.3422,19.0,4719.0,912.7,1692.0,782.4,32.9655,-119.7771,491186.23
6.798,31.0,5563.0,978.4,2693.0,1317.3,37.9413,-116.5583,253659.2
12.5241,16.0,4330.0,837.6,2244.0,813.6,40.2852,-116.1616,454146.98
7.4283,14.0,1354.0,301.1,3752.0,1769.8,35.604,-119.3067,298961.96
6.5887,48.0,1139.0,171.9,1083.0,353.4,35.8213,-115.1052,241531.54
7.7462,5.0,2738.0,572.1,2541.0,1120.6,38.1653,-121.6895,297174.68
5.5686,,2102.0,444.2,1988.0,891.4,35.105,-120.1887,232183.97
11.5927,26.0,941.0,201.2,3414.0,1486.9,32.7528,-115.0647,455047.47
8.2867,28.0,5128.0,893.3,449.0,157.4,39.4847,-115.0893,266978.65
4.6349,2.0,1836.0,406.5,3125.0,1483.2,38.4437,-117.3,230705.06
13.6443,50.0,4200.0,668.4,1147.0,382.8,38.0172,-115.4807,500001.0
6.6825,6.0,1448.0,246.1,1174.0,364.8,39.546,-123.5679,266325.59
8.838,9.0,3873.0,920.8,1525.0,676.3,38.9147,-115.4176,299457.71
13.7374,33.0,959.0,214.7,3296.0,1302.2,34.4559,-121.1335,490513.83
9.9272,41.0,5146.0,779.0,3036.0,1426.4,35.8486,-122.6275,452575.88
3.0781,25.0,892.0,156.0,1183.0,445.6,33.698,-121.9866,133871.48
14.1877,48.0,4438.0,760.9,1088.0,363.0,33.7336,-120.1113,500001.0
9.9741,,2287.0,405.0,3137.0,1465.9,38.9239,-121.8625,398800.44
6.0212,9.0,5440.0,950.7,2317.0,949.5,40.6567,-121.134,250637.24
3.3802,13.0,2757.0,430.8,2872.0,970.3,41.646,-123.0827,143739.59
12.2193,31.0,1638.0,320.9,1074.0,476.9,38.4693,-121.3901,488747.71
9.871,41.0,4308.0,961.9,3383.0,1360.7,34.249,-118.491,412861.88
8.7017,11.0,5241.0,1104.1,3635.0,1529.8,33.5037,-119.8605,296074.0
13.5675,4.0,2954.0,641.9,1526.0,598.5,40.2221,-120.8595,458798.16
12.1461,34.0,1966.0,310.9,670.0,312.0,37.9982,-116.6623,478559.33
3.5476,38.0,4174.0,1023.3,2187.0,1019.0,38.3737,-115.1181,82652.98
5.7082,46.0,1877.0,438.9,290.0,128.1,39.9239,-116.5537,223554.88
4.8546,4.0,3097.0,713.9,729.0,234.1,39.1811,-121.014,122695.04
11.5433,38.0,641.0,148.9,860.0,402.3,40.4274,-116.6834,428609.1
1.9527,19.0,3159.0,768.5,938.0,407.3,33.034,-122.9042,63786.37
9.1935,6.0,5096.0,1041.8,2973.0,1306.4,39.6014,-123.1317,324253.69
11.7932,34.0,1339.0,227.7,1071.0,399.1,40.5831,-120.8709,431296.34
13.3363,,4118.0,871.7,1886.0,897.5,35.2183,-116.0191,453900.53
6.1181,13.0,4417.0,990.7,391.0,174.0,38.5842,-121.9133,258821.09
12.587,41.0,1095.0,245.1,2186.0,705.0,35.4845,-123.8358,500001.0
2.9935,23.0,2404.0,486.0,3823.0,1458.7,41.6007,-123.117,117958.65
12.9271,19.0,780.0,122.3,3513.0,1676.7,32.8175,-115.4832,500001.0
3.2211,45.0,923.0,172.7,2385.0,738.0,38.008,-117.8453,152101.95
6.8634,11.0,4865.0,1177.7,544.0,267.8,34.0818,-121.8414,224633.85
12.2635,1.0,4749.0,989.9,3451.0,1504.1,39.2661,-118.6694,440909.71
3.5239,24.0,2250.0,458.6,1208.0,514.9,34.171,-118.9604,127393.25
4.5949,,5257.0,929.9,3983.0,1410.4,34.7361,-117.6179,205155.1
11.2504,25.0,2467.0,460.9,2750.0,961.8,37.1965,-122.0515,429554.25
11.2205,21.0,4588.0,1099.0,402.0,196.3,41.1909,-115.4238,370680.48
10.1555,15.0,4678.0,1013.5,772.0,277.7,34.5113,-121.2516,314329.55
10.8683,1.0,3446.0,788.2,391.0,177.9,33.8703,-117.2116,341225.42
8.8268,12.0,1949.0,380.9,2252.0,852.7,39.7103,-124.3307,289278.56
4.8993,7.0,5894.0,1255.6,2113.0,692.7,37.2559,-120.5871,160628.72
6.1669,15.0,2831.0,495.0,3508.0,1059.9,41.162,-120.807,212112.88
3.9516,21.0,5575.0,1229.5,1916.0,783.4,33.8928,-118.7934,134532.47
13.7641,19.0,2720.0,524.3,510.0,252.5,38.6363,-123.7363,500001.0
9.3758,29.0,4289.0,,2796.0,1045.2,34.7124,-116.2036,386886.85
6.9115,25.0,3310.0,711.4,2303.0,855.4,33.9892,-122.2133,263130.77
7.7371,33.0,5994.0,1460.3,642.0,236.8,38.9926,-117.3911,257794.73
14.2883,49.0,5228.0,817.7,1460.0,590.0,38.14,-116.0663,500001.0
3.5702,32.0,2031.0,472.2,1069.0,414.9,39.6709,-118.6003,160434.1
9.4141,49.0,5382.0,964.7,3468.0,1650.7,35.4399,-116.7207,381760.67
8.3295,35.0,3490.0,678.4,784.0,314.5,36.7557,-117.5505,275276.52
9.7546,44.0,4993.0,759.9,1794.0,720.4,36.352,-120.7669,391452.9
1.7445,38.0,1643.0,295.9,2999.0,982.7,41.8488,-116.007,129092.42
13.2737,26.0,1433.0,287.0,1737.0,862.5,35.2764,-121.4056,484804.52
14.0836,11.0,1960.0,305.0,3720.0,1302.0,35.3008,-118.5023,500001.0
9.1293,35.0,3223.0,,559.0,175.9,35.8682,-116.6733,326623.65
10.9048,8.0,3012.0,731.0,1923.0,831.9,37.8636,-120.521,383086.8
13.9537,46.0,785.0,126.0,3066.0,1284.9,34.8971,-121.3209,493023.6
11.0477,14.0,764.0,173.0,2277.0,872.2,41.1953,-119.6769,409106.28
3.5593,10.0,2867.0,547.5,2002.0,769.6,35.024,-115.9114,162854.17
9.2799,2.0,3947.0,850.6,2211.0,1010.5,41.0102,-114.7358,313705.49
9.6907,46.0,5822.0,1024.8,2355.0,798.7,33.483,-118.7766,374405.95
7.2258,9.0,5416.0,898.8,1043.0,484.0,38.7373,-117.5546,235778.07
11.442,3.0,2262.0,375.6,1825.0,784.3,41.1164,-115.0156,424289.89
14.114,21.0,3548.0,557.2,2964.0,1137.6,34.1031,-123.4653,500001.0
13.9952,26.0,2881.0,485.6,1090.0,426.9,41.6991,-122.0632,487898.85
7.5863,8.0,2769.0,599.3,2191.0,769.8,36.8024,-117.0565,307827.66
3.0287,48.0,540.0,128.6,2182.0,982.8,41.4843,-115.8507,189018.39
14.7954,2.0,567.0,131.2,1159.0,466.6,38.9298,-115.5012,500001.0
12.8251,6.0,1487.0,324.9,1668.0,607.4,35.3651,-120.1414,472199.69
3.1829,28.0,4508.0,726.0,3140.0,1316.3,34.2889,-123.5619,166688.87
13.9314,29.0,3698.0,661.6,1661.0,829.1,35.3855,-119.9033,500001.0
13.2436,26.0,5874.0,1063.1,931.0,360.3,33.3837,-122.0773,427133.98
8.5043,25.0,5290.0,925.7,805.0,389.7,33.8667,-121.4424,333061.72
9.4822,12.0,3024.0,609.3,2704.0,997.8,33.4943,-116.3912,336413.84
6.8865,5.0,1585.0,322.6,814.0,253.1,36.518,-123.707,233841.63
2.2393,34.0,2979.0,,2945.0,1003.8,40.058,-115.8104,182982.56
6.0252,48.0,2193.0,406.5,2204.0,845.8,33.8431,-120.0095,268430.56
12.3385,37.0,2815.0,655.5,1919.0,660.0,33.738,-118.2413,449052.65
1.5625,15.0,5654.0,1294.4,3766.0,1130.0,38.6126,-123.5587,50000.0
6.0022,44.0,1278.0,231.0,873.0,421.7,34.3732,-120.9577,285764.42
6.8753,36.0,5089.0,1228.4,1470.0,689.1,33.4273,-123.5581,217563.64
8.7548,15.0,2085.0,511.4,2790.0,1251.2,34.0851,-114.4038,310143.83
13.9181,43.0,1992.0,363.9,1787.0,596.1,41.2754,-116.0238,500001.0
6.1757,48.0,1160.0,215.1,3104.0,1005.9,40.304,-119.6739,308972.76
6.1839,23.0,1848.0,370.6,1811.0,567.8,35.8636,-122.1522,258285.92
11.4563,6.0,5923.0,1445.9,1096.0,487.5,38.7303,-114.6987,371577.83
7.6049,46.0,1799.0,427.5,1662.0,807.3,37.6041,-120.8817,319196.36
4.5322,50.0,4440.0,711.5,477.0,184.2,38.9327,-122.8097,174810.32
7.6079,44.0,2486.0,470.5,751.0,243.2,38.9854,-118.5868,299666.22
3.4016,43.0,2544.0,522.4,1836.0,739.0,38.473,-114.5904,160386.0
3.8812,45.0,4016.0,804.5,2358.0,871.9,35.028,-124.4598,197360.47
8.228,21.0,5943.0,1006.7,2632.0,986.9,32.8706,-121.9997,332683.32
7.1555,23.0,1558.0,367.5,960.0,407.3,36.8279,-114.6463,280905.39
13.8504,43.0,1476.0,321.3,3462.0,1536.2,40.9643,-122.7036,500001.0
6.3923,16.0,5077.0,1187.0,3761.0,1211.5,37.9102,-123.3109,249936.75
9.3379,47.0,1227.0,289.4,2941.0,903.2,40.4077,-118.513,375007.79
10.0356,15.0,3027.0,680.6,1649.0,822.6,41.9204,-115.4506,338684.05
1.6768,25.0,3636.0,705.1,604.0,209.3,34.0544,-119.4903,56601.49
10.4578,36.0,5627.0,1187.6,1558.0,484.2,39.0719,-114.0571,377098.56
3.9035,11.0,842.0,139.8,1432.0,484.0,38.9058,-117.3687,177052.66
14.4744,51.0,1947.0,423.2,221.0,68.0,41.8096,-123.7222,500001.0
3.5069,15.0,2879.0,483.5,877.0,331.8,41.8632,-114.0753,102936.03
7.0974,4.0,4159.0,912.5,2858.0,1316.1,39.0234,-120.2171,261965.84
2.6522,21.0,1026.0,177.5,2228.0,820.5,34.8143,-121.4823,128879.04
14.9578,13.0,2396.0,387.6,1431.0,556.4,40.0863,-118.6423,500001.0
8.2796,22.0,5254.0,874.9,2255.0,981.2,33.5168,-121.3048,337832.6
9.5377,,2573.0,386.5,2949.0,1184.8,39.9166,-123.5922,397681.74
2.4055,,5415.0,1201.4,3958.0,1869.3,41.1469,-124.485,111704.6
11.6245,14.0,905.0,202.0,2008.0,950.2,36.1369,-119.7794,421566.12
4.3337,4.0,2073.0,417.7,728.0,219.8,38.491,-115.7129,123494.93
13.6237,48.0,5100.0,847.3,2237.0,1019.2,36.5864,-118.4907,500001.0
4.2694,46.0,4240.0,671.4,2849.0,1117.2,36.6588,-114.0083,237896.41
4.0743,,4774.0,725.2,1876.0,933.8,35.4485,-121.4881,168193.68
1.9934,29.0,4727.0,787.4,856.0,339.5,39.7402,-121.5552,79672.88
7.8729,,2346.0,560.9,365.0,181.5,41.3937,-122.8226,338222.76
9.1254,28.0,1978.0,344.5,1048.0,472.6,41.4371,-122.7773,359173.31
2.3871,35.0,2895.0,536.8,695.0,243.1,34.1604,-121.5055,115989.33
11.9696,8.0,1271.0,204.0,789.0,321.7,40.8101,-116.1752,399788.68
7.6194,16.0,1078.0,185.7,628.0,313.0,39.5056,-114.9896,300688.02
8.5793,42.0,3401.0,686.7,3021.0,1424.4,34.902,-114.2616,330004.68
7.4503,36.0,693.0,146.1,362.0,115.6,33.1392,-122.061,260117.01
6.9103,,2507.0,437.6,2613.0,1153.1,35.046,-115.2464,277213.77
9.0551,18.0,1685.0,262.5,3797.0,1401.5,41.166,-121.0533,346438.34
3.5957,2.0,2894.0,547.3,1462.0,440.6,38.5152,-123.3152,119313.03
3.956,49.0,3498.0,606.6,271.0,103.2,39.35,-115.3647,131348.34
13.1341,13.0,5980.0,1028.3,3716.0,1289.3,34.9429,-117.8209,500001.0
14.2726,4.0,2292.0,563.8,854.0,396.1,39.3342,-122.7703,500001.0
6.5397,26.0,1610.0,340.7,3780.0,1389.0,32.7672,-119.9868,226129.53
5.1551,25.0,4505.0,926.6,468.0,217.9,36.0656,-121.4838,206681.8
10.194,30.0,2761.0,528.9,1976.0,593.0,38.4542,-116.7637,361723.38
7.0179,11.0,4236.0,817.1,2662.0,962.5,33.8879,-119.7391,279726.73
1.8427,7.0,4293.0,876.2,1468.0,511.2,40.3185,-114.1126,58441.05
3.6081,31.0,2436.0,535.1,1215.0,421.3,34.7328,-123.9252,147436.68
11.1656,44.0,5375.0,1183.7,2922.0,916.4,38.6967,-120.7723,410711.21
10.3955,10.0,4857.0,811.9,1283.0,432.9,36.3494,-119.44,396254.19
1.8658,39.0,1229.0,245.8,205.0,84.3,38.1624,-119.2171,61485.79
4.4966,13.0,4878.0,932.7,3980.0,1425.9,33.5208,-121.1827,195552.9
4.6195,31.0,3951.0,936.6,1181.0,452.9,32.6607,-116.843,198165.99
10.5706,,4957.0,1056.5,2817.0,1057.4,41.1409,-115.3152,391524.41
1.7661,49.0,5036.0,1023.6,606.0,288.0,35.0615,-114.6434,140559.04
2.9055,42.0,2640.0,426.5,3488.0,1677.9,40.2869,-116.0465,157306.52
12.2989,42.0,2144.0,451.4,2153.0,858.2,41.9938,-115.5689,497579.55
3.9104,36.0,3300.0,533.7,2273.0,832.0,34.5086,-118.7193,173239.89
10.3121,20.0,5462.0,1003.5,3276.0,1052.8,35.0191,-115.8282,409924.85
4.7155,4.0,641.0,105.3,1185.0,581.5,38.7972,-121.3132,181062.53
2.8425,7.0,5910.0,1295.5,3803.0,1186.7,41.6718,-120.316,88158.65
4.7828,1.0,1955.0,333.6,589.0,211.8,41.2002,-121.1724,199121.95
11.2506,44.0,5296.0,1001.9,909.0,326.9,37.2773,-119.5924,401054.29
13.0519,45.0,5593.0,1339.9,2818.0,1026.0,40.0535,-121.5014,443611.74
12.708,42.0,2596.0,442.4,1671.0,556.2,33.7896,-114.4031,469659.83
6.862,47.0,1825.0,366.4,953.0,435.2,41.7857,-121.2151,295197.94
10.5191,13.0,5476.0,1051.0,2393.0,776.5,41.6614,-123.4705,406711.36
4.2673,22.0,1713.0,260.1,1611.0,687.9,34.0554,-118.9684,182709.59
5.4575,21.0,1659.0,380.4,3032.0,984.7,35.3445,-123.9005,253520.81
13.6005,22.0,5150.0,808.1,1472.0,462.4,33.4515,-123.3393,455938.34
1.6755,28.0,4999.0,986.9,725.0,349.4,35.0813,-122.1964,54641.34
2.6544,9.0,5487.0,1130.7,1685.0,569.6,40.2516,-119.6243,77505.9
4.3065,26.0,5197.0,1106.1,2260.0,1049.2,36.094,-119.9509,166296.26
1.8582,9.0,840.0,183.8,3150.0,1288.1,33.3398,-116.1032,101690.1
3.9494,15.0,4328.0,758.8,2631.0,830.3,35.7511,-116.7355,170846.25
9.3711,10.0,2468.0,372.7,755.0,370.8,41.8231,-120.0237,328187.01
7.1892,24.0,1203.0,267.5,3134.0,1095.0,38.482,-120.9961,293521.66
13.5511,42.0,4913.0,1000.1,3670.0,1732.0,36.4535,-121.1771,500001.0
12.5355,8.0,5982.0,1397.5,218.0,72.8,34.0821,-116.3731,383778.36
6.1145,24.0,2929.0,679.9,774.0,364.4,41.8687,-123.9532,220399.01
5.0022,16.0,2300.0,539.0,3762.0,1138.6,40.2981,-124.3654,195470.43
6.6258,49.0,5963.0,1183.7,2998.0,1206.3,35.174,-116.1468,267798.96
9.469,26.0,5412.0,992.4,1203.0,546.0,33.1657,-119.49,344425.2
5.1189,27.0,5148.0,1179.7,2666.0,1298.2,33.0379,-123.1257,203022.19
9.926,37.0,1355.0,264.4,3608.0,1738.5,33.6436,-122.0266,404696.37
7.0271,4.0,2312.0,389.2,2666.0,1236.8,38.0173,-114.7087,304837.0
8.9526,50.0,3366.0,792.7,2138.0,1021.2,41.3233,-115.4752,327660.78
7.3877,24.0,4142.0,986.9,2139.0,726.9,37.2191,-117.0473,248642.5
5.4753,19.0,682.0,134.1,1835.0,654.8,40.508,-119.4366,289012.91
14.3041,36.0,3612.0,569.1,1898.0,679.1,36.7359,-119.0366,500001.0
11.8087,39.0,4992.0,942.4,2369.0,889.3,39.2315,-114.2599,410442.18
3.3915,10.0,2017.0,464.6,631.0,238.9,39.4528,-114.3594,137825.33
13.2243,25.0,5502.0,1321.5,2291.0,936.8,34.1527,-122.2397,415882.78
8.0803,18.0,1856.0,316.2,2095.0,695.5,35.9316,-115.9834,301475.85
13.5765,19.0,2674.0,419.0,2143.0,939.2,38.5544,-122.429,500001.0
12.298,36.0,4129.0,981.6,1540.0,513.6,33.1716,-122.2579,404501.13
7.2404,10.0,4128.0,779.9,2628.0,951.5,35.9346,-117.401,216795.89
1.8033,33.0,4596.0,938.4,344.0,137.8,37.5806,-120.2475,50000.0
5.1271,50.0,3739.0,922.8,3598.0,1652.5,41.9641,-114.7188,256843.11
8.8121,5.0,4191.0,656.5,2610.0,1169.0,37.0081,-123.5654,358519.31
10.052,47.0,518.0,111.3,1273.0,546.3,40.2525,-119.129,387471.19
4.9815,49.0,3903.0,614.4,1288.0,426.5,36.6046,-114.8555,229648.39
3.3813,35.0,5179.0,971.3,2602.0,1065.3,40.0657,-115.0068,185186.33
12.7716,44.0,5051.0,1163.7,999.0,317.2,38.1564,-122.8564,500001.0
14.7894,34.0,3504.0,677.5,3435.0,1289.7,40.9227,-120.6503,500001.0
8.5968,33.0,1632.0,407.5,3412.0,1305.8,36.404,-117.9992,289884.32
3.8177,21.0,3839.0,790.5,3073.0,946.4,38.2409,-122.8264,131812.89
5.1761,17.0,3811.0,694.0,1351.0,479.3,38.4852,-114.3358,180125.81
1.7483,22.0,3872.0,666.0,2645.0,1299.0,36.4651,-114.8951,92055.93
13.843,48.0,1487.0,275.2,2156.0,1058.0,33.871,-122.747,500001.0
3.0896,37.0,3821.0,715.5,3127.0,1158.4,33.3888,-123.2279,177539.36
9.283,15.0,5115.0,802.4,662.0,204.3,32.6584,-123.6032,359025.09
5.1997,35.0,5454.0,1019.7,1974.0,662.9,40.7986,-114.9508,197925.16
8.9814,28.0,673.0,132.2,2245.0,849.6,34.7465,-122.4669,381964.74
10.2942,7.0,5962.0,1325.2,1007.0,493.0,34.5093,-120.129,351163.34
12.7015,32.0,4241.0,914.7,386.0,126.7,39.4923,-119.7871,450266.22
4.2867,11.0,3552.0,784.6,1943.0,879.6,35.5402,-118.2104,182532.04
1.6484,10.0,1226.0,184.9,931.0,299.5,37.3074,-123.7468,71509.66
3.348,9.0,4260.0,731.7,2135.0,1059.5,34.0439,-122.119,188052.33
13.6503,14.0,2375.0,513.4,1413.0,531.7,41.6176,-114.7194,452329.87
13.2975,13.0,4533.0,899.3,1611.0,733.1,40.59,-114.9617,459402.09
9.5651,25.0,5943.0,894.6,628.0,231.4,40.706,-116.2964,342286.21
9.607,2.0,1489.0,343.1,3105.0,1321.3,36.3644,-124.2963,372547.04
10.478,35.0,4244.0,964.6,1507.0,510.0,39.7424,-121.0664,411705.03
3.8675,7.0,3186.0,652.6,2484.0,817.7,33.8668,-117.9064,143215.94
13.8446,21.0,919.0,144.0,1417.0,690.9,32.5819,-121.6105,481095.43
7.1534,,1093.0,247.7,1510.0,730.1,32.6897,-114.9493,297794.3
6.6724,3.0,2274.0,473.8,970.0,463.2,38.0727,-117.8442,254440.17
8.5054,42.0,2959.0,675.2,957.0,406.8,36.8263,-123.745,274065.79
2.134,39.0,1435.0,323.1,335.0,154.7,37.4211,-114.9554,100784.65
3.7448,41.0,5703.0,1313.4,991.0,311.0,32.5709,-114.4435,94307.74
11.4635,49.0,5732.0,1156.7,370.0,135.8,36.5155,-123.684,397961.73
2.6178,11.0,4308.0,706.7,2406.0,872.8,39.3216,-118.9102,85430.18
9.6426,39.0,831.0,180.4,2448.0,1045.6,36.7056,-121.3147,410527.19
4.8122,24.0,3949.0,837.4,3758.0,1394.9,39.4561,-120.3752,202756.59
6.7555,46.0,3202.0,718.0,1780.0,586.9,34.7137,-122.6137,235259.98
5.3974,19.0,4506.0,752.4,1161.0,486.8,40.2248,-118.4302,223299.01
6.3016,4.0,5554.0,941.4,2830.0,1309.9,38.0901,-114.4412,202248.99
11.2071,26.0,4368.0,1044.1,3775.0,1421.0,34.5022,-119.2177,426015.59
5.5111,38.0,4700.0,1057.5,1075.0,350.9,34.7488,-123.6294,181943.4
9.1465,42.0,701.0,168.8,2618.0,888.4,38.4663,-117.99,361064.0
7.9267,,2997.0,676.9,302.0,104.9,40.3844,-120.9277,299323.05
10.4596,39.0,2342.0,491.2,1201.0,432.3,36.4485,-115.5128,408041.23
14.1472,45.0,2366.0,509.7,1348.0,577.7,34.9539,-119.9359,500001.0
11.3897,46.0,2496.0,596.3,3584.0,1506.0,40.7366,-122.4752,454058.39
4.4017,36.0,5885.0,1223.4,3223.0,1415.6,38.858,-122.4934,194798.5
1.921,40.0,1409.0,300.5,3045.0,1134.3,36.7568,-116.428,108250.81
5.0406,37.0,4805.0,795.9,1681.0,781.3,37.1351,-121.7113,214875.5
9.5336,33.0,5158.0,1018.1,3501.0,1193.2,34.4404,-116.444,374738.11
2.1942,36.0,3689.0,817.6,857.0,337.5,38.4546,-122.3382,89115.31
8.2009,3.0,1270.0,224.9,3129.0,1439.9,35.9081,-121.1223,276383.63
9.5574,9.0,3655.0,622.2,1420.0,477.2,41.9586,-119.6124,348636.28
6.0123,8.0,3001.0,544.3,2980.0,959.5,37.0617,-114.5964,236557.16
11.9073,33.0,3214.0,559.7,622.0,296.5,37.1159,-114.7168,421887.67
2.9391,6.0,5224.0,895.9,2819.0,1039.0,37.8756,-122.3278,82417.79
2.5144,41.0,4085.0,786.3,3881.0,1695.1,41.2092,-120.7387,181901.1
11.3305,39.0,2128.0,512.4,370.0,112.9,40.1078,-122.9313,427722.2
8.1891,4.0,886.0,177.8,3653.0,1600.0,36.7857,-119.1452,320326.79
10.7934,13.0,3921.0,661.8,2420.0,879.0,39.3276,-119.6639,367787.42
7.3702,49.0,5700.0,898.9,2910.0,905.4,38.0692,-115.042,281510.09
4.8264,2.0,4508.0,990.0,652.0,275.1,37.1775,-114.7349,183077.95
12.5579,5.0,4593.0,864.8,2597.0,904.2,34.327,-120.4725,448625.13
12.2921,44.0,4863.0,1129.1,2175.0,820.8,36.9074,-119.3368,439791.84
10.8784,27.0,2966.0,640.5,1857.0,587.0,34.8353,-115.0895,411787.6
5.174,32.0,2782.0,638.8,2741.0,903.0,41.191,-116.0296,189905.15
9.4681,21.0,2356.0,417.5,2867.0,1031.0,35.6864,-124.4616,401806.35
6.3731,8.0,2498.0,547.7,3275.0,1041.3,41.5465,-121.1394,273076.39
2.7364,38.0,5976.0,1054.2,3364.0,1622.0,37.564,-120.0714,133610.12
13.8837,8.0,1736.0,423.4,3166.0,953.6,38.4997,-122.088,486399.66
3.3471,50.0,5169.0,1104.3,2253.0,893.9,37.6579,-122.4045,84635.7
14.3282,3.0,4644.0,847.3,487.0,158.1,33.7291,-124.1033,451471.6
7.5211,44.0,1650.0,292.0,1841.0,665.6,36.0703,-117.7446,274888.13
